kind,prec,backend,algo,dim,value
time,double,serial,triple,256,2.063947520e-02
time,double,serial,block,256,8.585812990e-03
time,double,serial,strassen,256,7.654060959e-03
time,double,serial,winograd,256,7.737925625e-03
time,double,serial,triple,512,2.828123346e-01
time,double,serial,block,512,8.655580971e-02
time,double,serial,strassen,512,5.143200699e-02
time,double,serial,winograd,512,5.188905355e-02
time,double,serial,triple,1024,3.248707853e+00
time,double,serial,block,1024,4.010684155e-01
time,double,serial,strassen,1024,3.353232853e-01
time,double,serial,winograd,1024,3.305501267e-01
time,double,avx2,triple,256,1.469310210e-02
time,double,avx2,block,256,6.399690523e-03
time,double,avx2,strassen,256,5.956446053e-03
time,double,avx2,winograd,256,6.037773914e-03
time,double,avx2,triple,512,2.096371986e-01
time,double,avx2,block,512,4.368235916e-02
time,double,avx2,strassen,512,4.547180096e-02
time,double,avx2,winograd,512,4.584971583e-02
time,double,avx2,triple,1024,3.237981342e+00
time,double,avx2,block,1024,2.949893177e-01
time,double,avx2,strassen,1024,2.943556160e-01
time,double,avx2,winograd,1024,2.308278717e-01
time,double,avx512,triple,256,2.135313884e-02
time,double,avx512,block,256,1.086559892e-02
time,double,avx512,strassen,256,9.794882266e-03
time,double,avx512,winograd,256,9.848507354e-03
time,double,avx512,triple,512,2.154361643e-01
time,double,avx512,block,512,5.347125698e-02
time,double,avx512,strassen,512,5.025609350e-02
time,double,avx512,winograd,512,5.074466951e-02
time,double,avx512,triple,1024,3.233262859e+00
time,double,avx512,block,1024,3.623218238e-01
time,double,avx512,strassen,1024,3.270180821e-01
time,double,avx512,winograd,1024,2.778407261e-01
time,dd,serial,triple,256,1.201094761e-01
time,dd,serial,block,256,1.031171009e-01
time,dd,serial,strassen,256,8.063227311e-02
time,dd,serial,winograd,256,8.374021482e-02
time,dd,serial,triple,512,9.180223569e-01
time,dd,serial,block,512,5.901125334e-01
time,dd,serial,strassen,512,4.166967310e-01
time,dd,serial,winograd,512,4.051231965e-01
time,dd,serial,triple,1024,8.290178448e+00
time,dd,serial,block,1024,4.723940548e+00
time,dd,serial,strassen,1024,2.868903864e+00
time,dd,serial,winograd,1024,2.745341226e+00
time,dd,avx2,triple,256,2.557614120e-02
time,dd,avx2,block,256,2.134936862e-02
time,dd,avx2,strassen,256,2.372956811e-02
time,dd,avx2,winograd,256,2.388209407e-02
time,dd,avx2,triple,512,8.290695064e-01
time,dd,avx2,block,512,1.728748549e-01
time,dd,avx2,strassen,512,1.512497775e-01
time,dd,avx2,winograd,512,1.634772196e-01
time,dd,avx2,triple,1024,6.585702036e+00
time,dd,avx2,block,1024,1.385932058e+00
time,dd,avx2,strassen,1024,1.188165724e+00
time,dd,avx2,winograd,1024,1.053709969e+00
time,dd,avx512,triple,256,3.201417672e-02
time,dd,avx512,block,256,3.260749998e-02
time,dd,avx512,strassen,256,3.104309132e-02
time,dd,avx512,winograd,256,3.114349023e-02
time,dd,avx512,triple,512,8.338167146e-01
time,dd,avx512,block,512,2.621727325e-01
time,dd,avx512,strassen,512,2.282507755e-01
time,dd,avx512,winograd,512,2.124300003e-01
time,dd,avx512,triple,1024,6.645621117e+00
time,dd,avx512,block,1024,2.106546432e+00
time,dd,avx512,strassen,1024,1.533499300e+00
time,dd,avx512,winograd,1024,1.398023468e+00
time,td,serial,triple,256,2.553610168e-01
time,td,serial,block,256,2.442349009e-01
time,td,serial,strassen,256,1.885959711e-01
time,td,serial,winograd,256,1.831029430e-01
time,td,serial,triple,512,3.521301202e+00
time,td,serial,block,512,1.954649284e+00
time,td,serial,strassen,512,1.342938043e+00
time,td,serial,winograd,512,1.316923831e+00
time,td,serial,triple,1024,2.511141878e+01
time,td,serial,block,1024,1.564468255e+01
time,td,serial,strassen,1024,9.313604396e+00
time,td,serial,winograd,1024,9.090623964e+00
time,td,avx2,triple,256,9.449620359e-02
time,td,avx2,block,256,9.314673208e-02
time,td,avx2,strassen,256,7.843824383e-02
time,td,avx2,winograd,256,7.984672766e-02
time,td,avx2,triple,512,1.744629160e+00
time,td,avx2,block,512,7.444186881e-01
time,td,avx2,strassen,512,6.159046739e-01
time,td,avx2,winograd,512,5.835500546e-01
time,td,avx2,triple,1024,1.265710191e+01
time,td,avx2,block,1024,5.975243952e+00
time,td,avx2,strassen,1024,4.217211351e+00
time,td,avx2,winograd,1024,3.986381218e+00
time,td,avx512,triple,256,1.272003446e-01
time,td,avx512,block,256,1.678021941e-01
time,td,avx512,strassen,256,1.027718280e-01
time,td,avx512,winograd,256,9.544553421e-02
time,td,avx512,triple,512,1.523038354e+00
time,td,avx512,block,512,9.761520289e-01
time,td,avx512,strassen,512,7.532047145e-01
time,td,avx512,winograd,512,7.200572714e-01
time,td,avx512,triple,1024,1.187460387e+01
time,td,avx512,block,1024,7.818577837e+00
time,td,avx512,strassen,1024,5.163550235e+00
time,td,avx512,winograd,1024,4.930258106e+00
time,qd,serial,triple,256,5.567188039e-01
time,qd,serial,block,256,5.010860525e-01
time,qd,serial,strassen,256,3.845587634e-01
time,qd,serial,winograd,256,3.763771765e-01
time,qd,serial,triple,512,5.497366991e+00
time,qd,serial,block,512,4.009677075e+00
time,qd,serial,strassen,512,2.725634109e+00
time,qd,serial,winograd,512,2.627337806e+00
time,qd,serial,triple,1024,5.020310754e+01
time,qd,serial,block,1024,3.216291866e+01
time,qd,serial,strassen,1024,1.892967676e+01
time,qd,serial,winograd,1024,1.862465103e+01
time,qd,avx2,triple,256,3.145775720e-01
time,qd,avx2,block,256,2.376233265e-01
time,qd,avx2,strassen,256,2.200705670e-01
time,qd,avx2,winograd,256,1.419676896e-01
time,qd,avx2,triple,512,2.373786662e+00
time,qd,avx2,block,512,1.350134153e+00
time,qd,avx2,strassen,512,1.106872872e+00
time,qd,avx2,winograd,512,1.053289354e+00
time,qd,avx2,triple,1024,2.715556613e+01
time,qd,avx2,block,1024,1.086415698e+01
time,qd,avx2,strassen,1024,7.598061088e+00
time,qd,avx2,winograd,1024,7.254239604e+00
time,qd,avx512,triple,256,2.573719956e-01
time,qd,avx512,block,256,2.590633966e-01
time,qd,avx512,strassen,256,2.345169261e-01
time,qd,avx512,winograd,256,2.204690501e-01
time,qd,avx512,triple,512,2.218056407e+00
time,qd,avx512,block,512,1.474409245e+00
time,qd,avx512,strassen,512,1.173932526e+00
time,qd,avx512,winograd,512,1.065259811e+00
time,qd,avx512,triple,1024,2.147246969e+01
time,qd,avx512,block,1024,1.185020851e+01
time,qd,avx512,strassen,1024,8.075295977e+00
time,qd,avx512,winograd,1024,7.638877101e+00
time,float,serial,triple,256,1.739783300e-03
time,float,serial,block,256,3.186665068e-03
time,float,serial,strassen,256,1.400376845e-03
time,float,serial,winograd,256,1.620358118e-03
time,float,serial,triple,512,1.345184213e-02
time,float,serial,block,512,2.991704131e-02
time,float,serial,strassen,512,1.470611664e-02
time,float,serial,winograd,512,1.627664571e-02
time,float,serial,triple,1024,1.223836355e-01
time,float,serial,block,1024,1.732953638e-01
time,float,serial,strassen,1024,7.233061176e-02
time,float,serial,winograd,1024,7.534602471e-02
time,float,avx2,triple,256,1.074655403e-03
time,float,avx2,block,256,1.794127747e-03
time,float,avx2,strassen,256,1.300719348e-03
time,float,avx2,winograd,256,1.720922097e-03
time,float,avx2,triple,512,1.180930552e-02
time,float,avx2,block,512,1.498376322e-02
time,float,avx2,strassen,512,9.033212322e-03
time,float,avx2,winograd,512,1.148128242e-02
time,float,avx2,triple,1024,1.067780238e-01
time,float,avx2,block,1024,1.305886377e-01
time,float,avx2,strassen,1024,6.821838021e-02
time,float,avx2,winograd,1024,7.999089547e-02
time,float,avx512,triple,256,1.103515606e-03
time,float,avx512,block,256,1.289821361e-03
time,float,avx512,strassen,256,1.074275831e-03
time,float,avx512,winograd,256,1.292473724e-03
time,float,avx512,triple,512,7.727178279e-03
time,float,avx512,block,512,1.448050025e-02
time,float,avx512,strassen,512,6.213019544e-03
time,float,avx512,winograd,512,8.869639947e-03
time,float,avx512,triple,1024,1.050906647e-01
time,float,avx512,block,1024,1.242613718e-01
time,float,avx512,strassen,1024,5.809838884e-02
time,float,avx512,winograd,1024,6.110015139e-02
time,ds,serial,triple,256,8.600415755e-02
time,ds,serial,block,256,7.337967772e-02
time,ds,serial,strassen,256,5.283026583e-02
time,ds,serial,winograd,256,5.284797028e-02
time,ds,serial,triple,512,7.341174074e-01
time,ds,serial,block,512,5.872617178e-01
time,ds,serial,strassen,512,3.739278466e-01
time,ds,serial,winograd,512,3.706522919e-01
time,ds,serial,triple,1024,7.267657183e+00
time,ds,serial,block,1024,4.701850057e+00
time,ds,serial,strassen,1024,2.613499537e+00
time,ds,serial,winograd,1024,2.558772825e+00
time,ds,avx2,triple,256,3.056475194e-02
time,ds,avx2,block,256,2.237514127e-02
time,ds,avx2,strassen,256,1.868993882e-02
time,ds,avx2,winograd,256,1.870625583e-02
time,ds,avx2,triple,512,4.681967944e-01
time,ds,avx2,block,512,1.795160398e-01
time,ds,avx2,strassen,512,1.307967044e-01
time,ds,avx2,winograd,512,1.310124937e-01
time,ds,avx2,triple,1024,6.600945003e+00
time,ds,avx2,block,1024,1.447993275e+00
time,ds,avx2,strassen,1024,9.407354668e-01
time,ds,avx2,winograd,1024,8.835407831e-01
time,ds,avx512,triple,256,3.481923044e-02
time,ds,avx512,block,256,6.164073385e-02
time,ds,avx512,strassen,256,4.502862506e-02
time,ds,avx512,winograd,256,4.508756334e-02
time,ds,avx512,triple,512,4.591656178e-01
time,ds,avx512,block,512,4.944554493e-01
time,ds,avx512,strassen,512,3.193478063e-01
time,ds,avx512,winograd,512,2.997142710e-01
time,ds,avx512,triple,1024,6.676489919e+00
time,ds,avx512,block,1024,3.966491524e+00
time,ds,avx512,strassen,1024,2.227168381e+00
time,ds,avx512,winograd,1024,2.166462701e+00
time,ts,serial,triple,256,3.667463511e-01
time,ts,serial,block,256,4.025640897e-01
time,ts,serial,strassen,256,3.389232978e-01
time,ts,serial,winograd,256,3.373103738e-01
time,ts,serial,triple,512,4.111672059e+00
time,ts,serial,block,512,3.220741868e+00
time,ts,serial,strassen,512,2.323705159e+00
time,ts,serial,winograd,512,2.330182601e+00
time,ts,serial,triple,1024,3.148144700e+01
time,ts,serial,block,1024,2.577939192e+01
time,ts,serial,strassen,1024,1.597588444e+01
time,ts,serial,winograd,1024,1.586171683e+01
time,ts,avx2,triple,256,2.402339205e-01
time,ts,avx2,block,256,3.053484708e-01
time,ts,avx2,strassen,256,2.724771649e-01
time,ts,avx2,winograd,256,2.734181061e-01
time,ts,avx2,triple,512,2.817207206e+00
time,ts,avx2,block,512,2.451209761e+00
time,ts,avx2,strassen,512,1.905588601e+00
time,ts,avx2,winograd,512,1.925746698e+00
time,ts,avx2,triple,1024,2.231596556e+01
time,ts,avx2,block,1024,1.959944465e+01
time,ts,avx2,strassen,1024,1.325998304e+01
time,ts,avx2,winograd,1024,1.303533226e+01
time,ts,avx512,triple,256,9.769195598e-02
time,ts,avx512,block,256,2.814668752e-01
time,ts,avx512,strassen,256,1.562014632e-01
time,ts,avx512,winograd,256,1.533510033e-01
time,ts,avx512,triple,512,1.484917276e+00
time,ts,avx512,block,512,1.613448098e+00
time,ts,avx512,strassen,512,1.092631347e+00
time,ts,avx512,winograd,512,1.081238829e+00
time,ts,avx512,triple,1024,1.065025245e+01
time,ts,avx512,block,1024,1.291484556e+01
time,ts,avx512,strassen,1024,7.584729344e+00
time,ts,avx512,winograd,1024,7.355744813e+00
time,qs,serial,triple,256,1.229479924e+00
time,qs,serial,block,256,1.311826959e+00
time,qs,serial,strassen,256,9.876091667e-01
time,qs,serial,winograd,256,9.858532287e-01
time,qs,serial,triple,512,1.227998282e+01
time,qs,serial,block,512,1.050886499e+01
time,qs,serial,strassen,512,7.025825609e+00
time,qs,serial,winograd,512,6.974743947e+00
time,qs,serial,triple,1024,9.352836287e+01
time,qs,serial,block,1024,8.387275775e+01
time,qs,serial,strassen,1024,4.928702870e+01
time,qs,serial,winograd,1024,4.910796084e+01
time,qs,avx2,triple,256,4.999044538e-01
time,qs,avx2,block,256,6.255370155e-01
time,qs,avx2,strassen,256,4.327471256e-01
time,qs,avx2,winograd,256,4.327404909e-01
time,qs,avx2,triple,512,3.804989640e+00
time,qs,avx2,block,512,3.985934865e+00
time,qs,avx2,strassen,512,3.066715531e+00
time,qs,avx2,winograd,512,3.070562240e+00
time,qs,avx2,triple,1024,3.136778462e+01
time,qs,avx2,block,1024,3.190315645e+01
time,qs,avx2,strassen,1024,2.153144702e+01
time,qs,avx2,winograd,1024,2.150560969e+01
time,qs,avx512,triple,256,1.332209017e-01
time,qs,avx512,block,256,4.206205904e-01
time,qs,avx512,strassen,256,3.434705064e-01
time,qs,avx512,winograd,256,3.400677778e-01
time,qs,avx512,triple,512,2.364667553e+00
time,qs,avx512,block,512,3.365362156e+00
time,qs,avx512,strassen,512,2.450027689e+00
time,qs,avx512,winograd,512,2.396403197e+00
time,qs,avx512,triple,1024,1.650769333e+01
time,qs,avx512,block,1024,2.693252133e+01
time,qs,avx512,strassen,1024,1.713593084e+01
time,qs,avx512,winograd,1024,1.707686377e+01
acc,double,serial,triple,256,1.691391e-15
acc,double,serial,block,256,3.962074e-16
acc,double,serial,strassen,256,8.556539e-15
acc,double,serial,winograd,256,2.348859e-15
acc,dd,serial,triple,256,1.510638e-31
acc,dd,serial,block,256,3.586080e-32
acc,dd,serial,strassen,256,6.912855e-31
acc,dd,serial,winograd,256,1.878856e-31
acc,td,serial,triple,256,7.522996e-48
acc,td,serial,block,256,1.570434e-48
acc,td,serial,strassen,256,3.234986e-47
acc,td,serial,winograd,256,8.258903e-48
acc,qd,serial,triple,256,3.800538e-64
acc,qd,serial,block,256,1.216923e-64
acc,qd,serial,strassen,256,1.713277e-63
acc,qd,serial,winograd,256,5.736643e-64
acc,float,serial,triple,256,7.181545e-07
acc,float,serial,block,256,7.181545e-07
acc,float,serial,strassen,256,4.502598e-06
acc,float,serial,winograd,256,2.466134e-07
acc,ds,serial,triple,256,4.016929e-14
acc,ds,serial,block,256,9.526540e-15
acc,ds,serial,strassen,256,1.586191e-13
acc,ds,serial,winograd,256,6.134252e-14
acc,ts,serial,triple,256,5.733773e-22
acc,ts,serial,block,256,1.189659e-22
acc,ts,serial,strassen,256,2.187807e-21
acc,ts,serial,winograd,256,6.742263e-22
acc,qs,serial,triple,256,1.135450e-29
acc,qs,serial,block,256,3.035002e-30
acc,qs,serial,strassen,256,5.147252e-29
acc,qs,serial,winograd,256,1.617963e-29
