platform,host,cpu,cpu_threads,gpu,gpu_arch,cuda,compiler,lib,op,kernel,prec,base,ncomp,prec_bits,dim,nnz,cpu_time,gpu_time,speedup,cpu_kind,relerr,fma,tree,date
arm-gb10,spark-d762,Arm Cortex-X925 / Cortex-A725 (NVIDIA GB10 Grace-Blackwell),20,NVIDIA GB10,sm_121,13.0,gcc (Ubuntu 13.3.0-6ubuntu2~24.04.1) 13.3.0,gdtq,axpy,c = alpha*a  (SCAL; no fused AXPY kernel in the GPU lib),dd,binary64,2,106,4096,0,1.296e-06,6.272e-06,0.2066,omp,0.000000e+00,pre-FMA,bncmatmul-0.24,2026-07-30
arm-gb10,spark-d762,Arm Cortex-X925 / Cortex-A725 (NVIDIA GB10 Grace-Blackwell),20,NVIDIA GB10,sm_121,13.0,gcc (Ubuntu 13.3.0-6ubuntu2~24.04.1) 13.3.0,gdtq,axpy,c = alpha*a  (SCAL; no fused AXPY kernel in the GPU lib),dd,binary64,2,106,16384,0,5.12e-06,6.897e-06,0.7424,omp,0.000000e+00,pre-FMA,bncmatmul-0.24,2026-07-30
arm-gb10,spark-d762,Arm Cortex-X925 / Cortex-A725 (NVIDIA GB10 Grace-Blackwell),20,NVIDIA GB10,sm_121,13.0,gcc (Ubuntu 13.3.0-6ubuntu2~24.04.1) 13.3.0,gdtq,axpy,c = alpha*a  (SCAL; no fused AXPY kernel in the GPU lib),dd,binary64,2,106,65536,0,2.0545e-05,9.536e-06,2.1545,omp,0.000000e+00,pre-FMA,bncmatmul-0.24,2026-07-30
arm-gb10,spark-d762,Arm Cortex-X925 / Cortex-A725 (NVIDIA GB10 Grace-Blackwell),20,NVIDIA GB10,sm_121,13.0,gcc (Ubuntu 13.3.0-6ubuntu2~24.04.1) 13.3.0,gdtq,axpy,c = alpha*a  (SCAL; no fused AXPY kernel in the GPU lib),dd,binary64,2,106,262144,0,9.0131e-05,2.1393e-05,4.2131,omp,0.000000e+00,pre-FMA,bncmatmul-0.24,2026-07-30
arm-gb10,spark-d762,Arm Cortex-X925 / Cortex-A725 (NVIDIA GB10 Grace-Blackwell),20,NVIDIA GB10,sm_121,13.0,gcc (Ubuntu 13.3.0-6ubuntu2~24.04.1) 13.3.0,gdtq,axpy,c = alpha*a  (SCAL; no fused AXPY kernel in the GPU lib),dd,binary64,2,106,1048576,0,0.000409834,0.000155539,2.6349,omp,0.000000e+00,pre-FMA,bncmatmul-0.24,2026-07-30
arm-gb10,spark-d762,Arm Cortex-X925 / Cortex-A725 (NVIDIA GB10 Grace-Blackwell),20,NVIDIA GB10,sm_121,13.0,gcc (Ubuntu 13.3.0-6ubuntu2~24.04.1) 13.3.0,gdtq,axpy,c = alpha*a  (SCAL; no fused AXPY kernel in the GPU lib),td,binary64,3,159,4096,0,6.08e-06,7.857e-06,0.7738,omp,0.000000e+00,pre-FMA,bncmatmul-0.24,2026-07-30
arm-gb10,spark-d762,Arm Cortex-X925 / Cortex-A725 (NVIDIA GB10 Grace-Blackwell),20,NVIDIA GB10,sm_121,13.0,gcc (Ubuntu 13.3.0-6ubuntu2~24.04.1) 13.3.0,gdtq,axpy,c = alpha*a  (SCAL; no fused AXPY kernel in the GPU lib),td,binary64,3,159,16384,0,2.3985e-05,1.0656e-05,2.2508,omp,0.000000e+00,pre-FMA,bncmatmul-0.24,2026-07-30
arm-gb10,spark-d762,Arm Cortex-X925 / Cortex-A725 (NVIDIA GB10 Grace-Blackwell),20,NVIDIA GB10,sm_121,13.0,gcc (Ubuntu 13.3.0-6ubuntu2~24.04.1) 13.3.0,gdtq,axpy,c = alpha*a  (SCAL; no fused AXPY kernel in the GPU lib),td,binary64,3,159,65536,0,9.6226e-05,2.3888e-05,4.0282,omp,0.000000e+00,pre-FMA,bncmatmul-0.24,2026-07-30
arm-gb10,spark-d762,Arm Cortex-X925 / Cortex-A725 (NVIDIA GB10 Grace-Blackwell),20,NVIDIA GB10,sm_121,13.0,gcc (Ubuntu 13.3.0-6ubuntu2~24.04.1) 13.3.0,gdtq,axpy,c = alpha*a  (SCAL; no fused AXPY kernel in the GPU lib),td,binary64,3,159,262144,0,0.000390025,7.7025e-05,5.0636,omp,0.000000e+00,pre-FMA,bncmatmul-0.24,2026-07-30
arm-gb10,spark-d762,Arm Cortex-X925 / Cortex-A725 (NVIDIA GB10 Grace-Blackwell),20,NVIDIA GB10,sm_121,13.0,gcc (Ubuntu 13.3.0-6ubuntu2~24.04.1) 13.3.0,gdtq,axpy,c = alpha*a  (SCAL; no fused AXPY kernel in the GPU lib),td,binary64,3,159,1048576,0,0.001669254,0.000294471,5.6687,omp,0.000000e+00,pre-FMA,bncmatmul-0.24,2026-07-30
arm-gb10,spark-d762,Arm Cortex-X925 / Cortex-A725 (NVIDIA GB10 Grace-Blackwell),20,NVIDIA GB10,sm_121,13.0,gcc (Ubuntu 13.3.0-6ubuntu2~24.04.1) 13.3.0,gdtq,axpy,c = alpha*a  (SCAL; no fused AXPY kernel in the GPU lib),qd,binary64,4,212,4096,0,1.624e-05,1.0736e-05,1.5127,omp,0.000000e+00,pre-FMA,bncmatmul-0.24,2026-07-30
arm-gb10,spark-d762,Arm Cortex-X925 / Cortex-A725 (NVIDIA GB10 Grace-Blackwell),20,NVIDIA GB10,sm_121,13.0,gcc (Ubuntu 13.3.0-6ubuntu2~24.04.1) 13.3.0,gdtq,axpy,c = alpha*a  (SCAL; no fused AXPY kernel in the GPU lib),qd,binary64,4,212,16384,0,6.3217e-05,1.8896e-05,3.3455,omp,0.000000e+00,pre-FMA,bncmatmul-0.24,2026-07-30
arm-gb10,spark-d762,Arm Cortex-X925 / Cortex-A725 (NVIDIA GB10 Grace-Blackwell),20,NVIDIA GB10,sm_121,13.0,gcc (Ubuntu 13.3.0-6ubuntu2~24.04.1) 13.3.0,gdtq,axpy,c = alpha*a  (SCAL; no fused AXPY kernel in the GPU lib),qd,binary64,4,212,65536,0,0.000266566,5.4369e-05,4.9029,omp,0.000000e+00,pre-FMA,bncmatmul-0.24,2026-07-30
arm-gb10,spark-d762,Arm Cortex-X925 / Cortex-A725 (NVIDIA GB10 Grace-Blackwell),20,NVIDIA GB10,sm_121,13.0,gcc (Ubuntu 13.3.0-6ubuntu2~24.04.1) 13.3.0,gdtq,axpy,c = alpha*a  (SCAL; no fused AXPY kernel in the GPU lib),qd,binary64,4,212,262144,0,0.001045013,0.0002025,5.1606,omp,0.000000e+00,pre-FMA,bncmatmul-0.24,2026-07-30
arm-gb10,spark-d762,Arm Cortex-X925 / Cortex-A725 (NVIDIA GB10 Grace-Blackwell),20,NVIDIA GB10,sm_121,13.0,gcc (Ubuntu 13.3.0-6ubuntu2~24.04.1) 13.3.0,gdtq,axpy,c = alpha*a  (SCAL; no fused AXPY kernel in the GPU lib),qd,binary64,4,212,1048576,0,0.004436152,0.000793887,5.5879,omp,0.000000e+00,pre-FMA,bncmatmul-0.24,2026-07-30
arm-gb10,spark-d762,Arm Cortex-X925 / Cortex-A725 (NVIDIA GB10 Grace-Blackwell),20,NVIDIA GB10,sm_121,13.0,gcc (Ubuntu 13.3.0-6ubuntu2~24.04.1) 13.3.0,gdtq,axpy,c = alpha*a  (SCAL; no fused AXPY kernel in the GPU lib),ds,binary32,2,48,4096,0,6.56e-07,6.001e-06,0.1093,omp,0.000000e+00,pre-FMA,bncmatmul-0.24,2026-07-30
arm-gb10,spark-d762,Arm Cortex-X925 / Cortex-A725 (NVIDIA GB10 Grace-Blackwell),20,NVIDIA GB10,sm_121,13.0,gcc (Ubuntu 13.3.0-6ubuntu2~24.04.1) 13.3.0,gdtq,axpy,c = alpha*a  (SCAL; no fused AXPY kernel in the GPU lib),ds,binary32,2,48,16384,0,2.592e-06,5.104e-06,0.5078,omp,0.000000e+00,pre-FMA,bncmatmul-0.24,2026-07-30
arm-gb10,spark-d762,Arm Cortex-X925 / Cortex-A725 (NVIDIA GB10 Grace-Blackwell),20,NVIDIA GB10,sm_121,13.0,gcc (Ubuntu 13.3.0-6ubuntu2~24.04.1) 13.3.0,gdtq,axpy,c = alpha*a  (SCAL; no fused AXPY kernel in the GPU lib),ds,binary32,2,48,65536,0,1.0256e-05,6.496e-06,1.5788,omp,0.000000e+00,pre-FMA,bncmatmul-0.24,2026-07-30
arm-gb10,spark-d762,Arm Cortex-X925 / Cortex-A725 (NVIDIA GB10 Grace-Blackwell),20,NVIDIA GB10,sm_121,13.0,gcc (Ubuntu 13.3.0-6ubuntu2~24.04.1) 13.3.0,gdtq,axpy,c = alpha*a  (SCAL; no fused AXPY kernel in the GPU lib),ds,binary32,2,48,262144,0,4.3857e-05,9.84e-06,4.4570,omp,0.000000e+00,pre-FMA,bncmatmul-0.24,2026-07-30
arm-gb10,spark-d762,Arm Cortex-X925 / Cortex-A725 (NVIDIA GB10 Grace-Blackwell),20,NVIDIA GB10,sm_121,13.0,gcc (Ubuntu 13.3.0-6ubuntu2~24.04.1) 13.3.0,gdtq,axpy,c = alpha*a  (SCAL; no fused AXPY kernel in the GPU lib),ds,binary32,2,48,1048576,0,0.000183651,2.208e-05,8.3175,omp,0.000000e+00,pre-FMA,bncmatmul-0.24,2026-07-30
arm-gb10,spark-d762,Arm Cortex-X925 / Cortex-A725 (NVIDIA GB10 Grace-Blackwell),20,NVIDIA GB10,sm_121,13.0,gcc (Ubuntu 13.3.0-6ubuntu2~24.04.1) 13.3.0,gdtq,axpy,c = alpha*a  (SCAL; no fused AXPY kernel in the GPU lib),ts,binary32,3,72,4096,0,3.008e-06,6.369e-06,0.4723,omp,0.000000e+00,pre-FMA,bncmatmul-0.24,2026-07-30
arm-gb10,spark-d762,Arm Cortex-X925 / Cortex-A725 (NVIDIA GB10 Grace-Blackwell),20,NVIDIA GB10,sm_121,13.0,gcc (Ubuntu 13.3.0-6ubuntu2~24.04.1) 13.3.0,gdtq,axpy,c = alpha*a  (SCAL; no fused AXPY kernel in the GPU lib),ts,binary32,3,72,16384,0,1.2496e-05,6.24e-06,2.0026,omp,0.000000e+00,pre-FMA,bncmatmul-0.24,2026-07-30
arm-gb10,spark-d762,Arm Cortex-X925 / Cortex-A725 (NVIDIA GB10 Grace-Blackwell),20,NVIDIA GB10,sm_121,13.0,gcc (Ubuntu 13.3.0-6ubuntu2~24.04.1) 13.3.0,gdtq,axpy,c = alpha*a  (SCAL; no fused AXPY kernel in the GPU lib),ts,binary32,3,72,65536,0,4.8241e-05,7.665e-06,6.2937,omp,0.000000e+00,pre-FMA,bncmatmul-0.24,2026-07-30
arm-gb10,spark-d762,Arm Cortex-X925 / Cortex-A725 (NVIDIA GB10 Grace-Blackwell),20,NVIDIA GB10,sm_121,13.0,gcc (Ubuntu 13.3.0-6ubuntu2~24.04.1) 13.3.0,gdtq,axpy,c = alpha*a  (SCAL; no fused AXPY kernel in the GPU lib),ts,binary32,3,72,262144,0,0.000193891,1.1584e-05,16.7378,omp,0.000000e+00,pre-FMA,bncmatmul-0.24,2026-07-30
arm-gb10,spark-d762,Arm Cortex-X925 / Cortex-A725 (NVIDIA GB10 Grace-Blackwell),20,NVIDIA GB10,sm_121,13.0,gcc (Ubuntu 13.3.0-6ubuntu2~24.04.1) 13.3.0,gdtq,axpy,c = alpha*a  (SCAL; no fused AXPY kernel in the GPU lib),ts,binary32,3,72,1048576,0,0.00081715,8.8898e-05,9.1920,omp,0.000000e+00,pre-FMA,bncmatmul-0.24,2026-07-30
arm-gb10,spark-d762,Arm Cortex-X925 / Cortex-A725 (NVIDIA GB10 Grace-Blackwell),20,NVIDIA GB10,sm_121,13.0,gcc (Ubuntu 13.3.0-6ubuntu2~24.04.1) 13.3.0,gdtq,axpy,c = alpha*a  (SCAL; no fused AXPY kernel in the GPU lib),qs,binary32,4,96,4096,0,8.145e-06,6.464e-06,1.2601,omp,0.000000e+00,pre-FMA,bncmatmul-0.24,2026-07-30
arm-gb10,spark-d762,Arm Cortex-X925 / Cortex-A725 (NVIDIA GB10 Grace-Blackwell),20,NVIDIA GB10,sm_121,13.0,gcc (Ubuntu 13.3.0-6ubuntu2~24.04.1) 13.3.0,gdtq,axpy,c = alpha*a  (SCAL; no fused AXPY kernel in the GPU lib),qs,binary32,4,96,16384,0,3.16e-05,6.272e-06,5.0383,omp,0.000000e+00,pre-FMA,bncmatmul-0.24,2026-07-30
arm-gb10,spark-d762,Arm Cortex-X925 / Cortex-A725 (NVIDIA GB10 Grace-Blackwell),20,NVIDIA GB10,sm_121,13.0,gcc (Ubuntu 13.3.0-6ubuntu2~24.04.1) 13.3.0,gdtq,axpy,c = alpha*a  (SCAL; no fused AXPY kernel in the GPU lib),qs,binary32,4,96,65536,0,0.000134162,8.048e-06,16.6702,omp,0.000000e+00,pre-FMA,bncmatmul-0.24,2026-07-30
arm-gb10,spark-d762,Arm Cortex-X925 / Cortex-A725 (NVIDIA GB10 Grace-Blackwell),20,NVIDIA GB10,sm_121,13.0,gcc (Ubuntu 13.3.0-6ubuntu2~24.04.1) 13.3.0,gdtq,axpy,c = alpha*a  (SCAL; no fused AXPY kernel in the GPU lib),qs,binary32,4,96,262144,0,0.000511256,1.3216e-05,38.6846,omp,0.000000e+00,pre-FMA,bncmatmul-0.24,2026-07-30
arm-gb10,spark-d762,Arm Cortex-X925 / Cortex-A725 (NVIDIA GB10 Grace-Blackwell),20,NVIDIA GB10,sm_121,13.0,gcc (Ubuntu 13.3.0-6ubuntu2~24.04.1) 13.3.0,gdtq,axpy,c = alpha*a  (SCAL; no fused AXPY kernel in the GPU lib),qs,binary32,4,96,1048576,0,0.002212767,0.00015533,14.2456,omp,0.000000e+00,pre-FMA,bncmatmul-0.24,2026-07-30
arm-gb10,spark-d762,Arm Cortex-X925 / Cortex-A725 (NVIDIA GB10 Grace-Blackwell),20,NVIDIA GB10,sm_121,13.0,gcc (Ubuntu 13.3.0-6ubuntu2~24.04.1) 13.3.0,gdtq,matvec,y = A*x,dd,binary64,2,106,128,0,0.000609192,0.000108946,5.5917,omp,2.603560e-32,pre-FMA,bncmatmul-0.24,2026-07-30
arm-gb10,spark-d762,Arm Cortex-X925 / Cortex-A725 (NVIDIA GB10 Grace-Blackwell),20,NVIDIA GB10,sm_121,13.0,gcc (Ubuntu 13.3.0-6ubuntu2~24.04.1) 13.3.0,gdtq,matvec,y = A*x,dd,binary64,2,106,256,0,0.000674009,0.00021221,3.1761,omp,4.690842e-32,pre-FMA,bncmatmul-0.24,2026-07-30
arm-gb10,spark-d762,Arm Cortex-X925 / Cortex-A725 (NVIDIA GB10 Grace-Blackwell),20,NVIDIA GB10,sm_121,13.0,gcc (Ubuntu 13.3.0-6ubuntu2~24.04.1) 13.3.0,gdtq,matvec,y = A*x,dd,binary64,2,106,512,0,0.000517367,0.000417541,1.2391,omp,6.043425e-32,pre-FMA,bncmatmul-0.24,2026-07-30
arm-gb10,spark-d762,Arm Cortex-X925 / Cortex-A725 (NVIDIA GB10 Grace-Blackwell),20,NVIDIA GB10,sm_121,13.0,gcc (Ubuntu 13.3.0-6ubuntu2~24.04.1) 13.3.0,gdtq,matvec,y = A*x,dd,binary64,2,106,1024,0,0.000711801,0.000829322,0.8583,omp,9.651838e-32,pre-FMA,bncmatmul-0.24,2026-07-30
arm-gb10,spark-d762,Arm Cortex-X925 / Cortex-A725 (NVIDIA GB10 Grace-Blackwell),20,NVIDIA GB10,sm_121,13.0,gcc (Ubuntu 13.3.0-6ubuntu2~24.04.1) 13.3.0,gdtq,matvec,y = A*x,td,binary64,3,159,128,0,0.000659624,0.000508438,1.2974,omp,0.000000e+00,pre-FMA,bncmatmul-0.24,2026-07-30
arm-gb10,spark-d762,Arm Cortex-X925 / Cortex-A725 (NVIDIA GB10 Grace-Blackwell),20,NVIDIA GB10,sm_121,13.0,gcc (Ubuntu 13.3.0-6ubuntu2~24.04.1) 13.3.0,gdtq,matvec,y = A*x,td,binary64,3,159,256,0,0.000359604,0.001013884,0.3547,omp,0.000000e+00,pre-FMA,bncmatmul-0.24,2026-07-30
arm-gb10,spark-d762,Arm Cortex-X925 / Cortex-A725 (NVIDIA GB10 Grace-Blackwell),20,NVIDIA GB10,sm_121,13.0,gcc (Ubuntu 13.3.0-6ubuntu2~24.04.1) 13.3.0,gdtq,matvec,y = A*x,td,binary64,3,159,512,0,0.000807418,0.002021113,0.3995,omp,0.000000e+00,pre-FMA,bncmatmul-0.24,2026-07-30
arm-gb10,spark-d762,Arm Cortex-X925 / Cortex-A725 (NVIDIA GB10 Grace-Blackwell),20,NVIDIA GB10,sm_121,13.0,gcc (Ubuntu 13.3.0-6ubuntu2~24.04.1) 13.3.0,gdtq,matvec,y = A*x,td,binary64,3,159,1024,0,0.001336513,0.004180258,0.3197,omp,0.000000e+00,pre-FMA,bncmatmul-0.24,2026-07-30
arm-gb10,spark-d762,Arm Cortex-X925 / Cortex-A725 (NVIDIA GB10 Grace-Blackwell),20,NVIDIA GB10,sm_121,13.0,gcc (Ubuntu 13.3.0-6ubuntu2~24.04.1) 13.3.0,gdtq,matvec,y = A*x,qd,binary64,4,212,128,0,0.000680552,0.001096205,0.6208,omp,0.000000e+00,pre-FMA,bncmatmul-0.24,2026-07-30
arm-gb10,spark-d762,Arm Cortex-X925 / Cortex-A725 (NVIDIA GB10 Grace-Blackwell),20,NVIDIA GB10,sm_121,13.0,gcc (Ubuntu 13.3.0-6ubuntu2~24.04.1) 13.3.0,gdtq,matvec,y = A*x,qd,binary64,4,212,256,0,0.000562055,0.00219265,0.2563,omp,0.000000e+00,pre-FMA,bncmatmul-0.24,2026-07-30
arm-gb10,spark-d762,Arm Cortex-X925 / Cortex-A725 (NVIDIA GB10 Grace-Blackwell),20,NVIDIA GB10,sm_121,13.0,gcc (Ubuntu 13.3.0-6ubuntu2~24.04.1) 13.3.0,gdtq,matvec,y = A*x,qd,binary64,4,212,512,0,0.001080605,0.004381299,0.2466,omp,0.000000e+00,pre-FMA,bncmatmul-0.24,2026-07-30
arm-gb10,spark-d762,Arm Cortex-X925 / Cortex-A725 (NVIDIA GB10 Grace-Blackwell),20,NVIDIA GB10,sm_121,13.0,gcc (Ubuntu 13.3.0-6ubuntu2~24.04.1) 13.3.0,gdtq,matvec,y = A*x,qd,binary64,4,212,1024,0,0.002123993,0.008983124,0.2364,omp,0.000000e+00,pre-FMA,bncmatmul-0.24,2026-07-30
arm-gb10,spark-d762,Arm Cortex-X925 / Cortex-A725 (NVIDIA GB10 Grace-Blackwell),20,NVIDIA GB10,sm_121,13.0,gcc (Ubuntu 13.3.0-6ubuntu2~24.04.1) 13.3.0,gdtq,matvec,y = A*x,ds,binary32,2,48,128,0,0.000507317,1.5712e-05,32.2885,omp,0.000000e+00,pre-FMA,bncmatmul-0.24,2026-07-30
arm-gb10,spark-d762,Arm Cortex-X925 / Cortex-A725 (NVIDIA GB10 Grace-Blackwell),20,NVIDIA GB10,sm_121,13.0,gcc (Ubuntu 13.3.0-6ubuntu2~24.04.1) 13.3.0,gdtq,matvec,y = A*x,ds,binary32,2,48,256,0,0.000635943,2.5457e-05,24.9811,omp,0.000000e+00,pre-FMA,bncmatmul-0.24,2026-07-30
arm-gb10,spark-d762,Arm Cortex-X925 / Cortex-A725 (NVIDIA GB10 Grace-Blackwell),20,NVIDIA GB10,sm_121,13.0,gcc (Ubuntu 13.3.0-6ubuntu2~24.04.1) 13.3.0,gdtq,matvec,y = A*x,ds,binary32,2,48,512,0,0.001512049,4.392e-05,34.4273,omp,0.000000e+00,pre-FMA,bncmatmul-0.24,2026-07-30
arm-gb10,spark-d762,Arm Cortex-X925 / Cortex-A725 (NVIDIA GB10 Grace-Blackwell),20,NVIDIA GB10,sm_121,13.0,gcc (Ubuntu 13.3.0-6ubuntu2~24.04.1) 13.3.0,gdtq,matvec,y = A*x,ds,binary32,2,48,1024,0,0.000712104,8.0769e-05,8.8166,omp,6.869703e-28,pre-FMA,bncmatmul-0.24,2026-07-30
arm-gb10,spark-d762,Arm Cortex-X925 / Cortex-A725 (NVIDIA GB10 Grace-Blackwell),20,NVIDIA GB10,sm_121,13.0,gcc (Ubuntu 13.3.0-6ubuntu2~24.04.1) 13.3.0,gdtq,matvec,y = A*x,ts,binary32,3,72,128,0,0.000567734,5.1441e-05,11.0366,omp,0.000000e+00,pre-FMA,bncmatmul-0.24,2026-07-30
arm-gb10,spark-d762,Arm Cortex-X925 / Cortex-A725 (NVIDIA GB10 Grace-Blackwell),20,NVIDIA GB10,sm_121,13.0,gcc (Ubuntu 13.3.0-6ubuntu2~24.04.1) 13.3.0,gdtq,matvec,y = A*x,ts,binary32,3,72,256,0,0.000707416,9.7569e-05,7.2504,omp,0.000000e+00,pre-FMA,bncmatmul-0.24,2026-07-30
arm-gb10,spark-d762,Arm Cortex-X925 / Cortex-A725 (NVIDIA GB10 Grace-Blackwell),20,NVIDIA GB10,sm_121,13.0,gcc (Ubuntu 13.3.0-6ubuntu2~24.04.1) 13.3.0,gdtq,matvec,y = A*x,ts,binary32,3,72,512,0,0.000729864,0.000189362,3.8543,omp,0.000000e+00,pre-FMA,bncmatmul-0.24,2026-07-30
arm-gb10,spark-d762,Arm Cortex-X925 / Cortex-A725 (NVIDIA GB10 Grace-Blackwell),20,NVIDIA GB10,sm_121,13.0,gcc (Ubuntu 13.3.0-6ubuntu2~24.04.1) 13.3.0,gdtq,matvec,y = A*x,ts,binary32,3,72,1024,0,0.000874713,0.000372676,2.3471,omp,0.000000e+00,pre-FMA,bncmatmul-0.24,2026-07-30
arm-gb10,spark-d762,Arm Cortex-X925 / Cortex-A725 (NVIDIA GB10 Grace-Blackwell),20,NVIDIA GB10,sm_121,13.0,gcc (Ubuntu 13.3.0-6ubuntu2~24.04.1) 13.3.0,gdtq,matvec,y = A*x,qs,binary32,4,96,128,0,0.000490549,6.2608e-05,7.8352,omp,0.000000e+00,pre-FMA,bncmatmul-0.24,2026-07-30
arm-gb10,spark-d762,Arm Cortex-X925 / Cortex-A725 (NVIDIA GB10 Grace-Blackwell),20,NVIDIA GB10,sm_121,13.0,gcc (Ubuntu 13.3.0-6ubuntu2~24.04.1) 13.3.0,gdtq,matvec,y = A*x,qs,binary32,4,96,256,0,0.001078827,0.000119617,9.0190,omp,0.000000e+00,pre-FMA,bncmatmul-0.24,2026-07-30
arm-gb10,spark-d762,Arm Cortex-X925 / Cortex-A725 (NVIDIA GB10 Grace-Blackwell),20,NVIDIA GB10,sm_121,13.0,gcc (Ubuntu 13.3.0-6ubuntu2~24.04.1) 13.3.0,gdtq,matvec,y = A*x,qs,binary32,4,96,512,0,0.00056551,0.000232707,2.4301,omp,0.000000e+00,pre-FMA,bncmatmul-0.24,2026-07-30
arm-gb10,spark-d762,Arm Cortex-X925 / Cortex-A725 (NVIDIA GB10 Grace-Blackwell),20,NVIDIA GB10,sm_121,13.0,gcc (Ubuntu 13.3.0-6ubuntu2~24.04.1) 13.3.0,gdtq,matvec,y = A*x,qs,binary32,4,96,1024,0,0.00133323,0.000459397,2.9021,omp,0.000000e+00,pre-FMA,bncmatmul-0.24,2026-07-30
arm-gb10,spark-d762,Arm Cortex-X925 / Cortex-A725 (NVIDIA GB10 Grace-Blackwell),20,NVIDIA GB10,sm_121,13.0,gcc (Ubuntu 13.3.0-6ubuntu2~24.04.1) 13.3.0,gdtq,matmul,C = A*B,dd,binary64,2,106,128,0,0.003059246,0.013430435,0.2278,omp,9.694690e-32,pre-FMA,bncmatmul-0.24,2026-07-30
arm-gb10,spark-d762,Arm Cortex-X925 / Cortex-A725 (NVIDIA GB10 Grace-Blackwell),20,NVIDIA GB10,sm_121,13.0,gcc (Ubuntu 13.3.0-6ubuntu2~24.04.1) 13.3.0,gdtq,matmul,C = A*B,dd,binary64,2,106,256,0,0.009989025,0.053664728,0.1861,omp,1.983690e-31,pre-FMA,bncmatmul-0.24,2026-07-30
arm-gb10,spark-d762,Arm Cortex-X925 / Cortex-A725 (NVIDIA GB10 Grace-Blackwell),20,NVIDIA GB10,sm_121,13.0,gcc (Ubuntu 13.3.0-6ubuntu2~24.04.1) 13.3.0,gdtq,matmul,C = A*B,dd,binary64,2,106,512,0,0.050202357,0.214793745,0.2337,omp,4.096600e-31,pre-FMA,bncmatmul-0.24,2026-07-30
arm-gb10,spark-d762,Arm Cortex-X925 / Cortex-A725 (NVIDIA GB10 Grace-Blackwell),20,NVIDIA GB10,sm_121,13.0,gcc (Ubuntu 13.3.0-6ubuntu2~24.04.1) 13.3.0,gdtq,matmul,C = A*B,dd,binary64,2,106,1024,0,0.227869571,0.919069249,0.2479,omp,8.237112e-31,pre-FMA,bncmatmul-0.24,2026-07-30
arm-gb10,spark-d762,Arm Cortex-X925 / Cortex-A725 (NVIDIA GB10 Grace-Blackwell),20,NVIDIA GB10,sm_121,13.0,gcc (Ubuntu 13.3.0-6ubuntu2~24.04.1) 13.3.0,gdtq,matmul,C = A*B,td,binary64,3,159,128,0,0.006906877,0.066299435,0.1042,omp,0.000000e+00,pre-FMA,bncmatmul-0.24,2026-07-30
arm-gb10,spark-d762,Arm Cortex-X925 / Cortex-A725 (NVIDIA GB10 Grace-Blackwell),20,NVIDIA GB10,sm_121,13.0,gcc (Ubuntu 13.3.0-6ubuntu2~24.04.1) 13.3.0,gdtq,matmul,C = A*B,td,binary64,3,159,256,0,0.028279979,0.265465039,0.1065,omp,0.000000e+00,pre-FMA,bncmatmul-0.24,2026-07-30
arm-gb10,spark-d762,Arm Cortex-X925 / Cortex-A725 (NVIDIA GB10 Grace-Blackwell),20,NVIDIA GB10,sm_121,13.0,gcc (Ubuntu 13.3.0-6ubuntu2~24.04.1) 13.3.0,gdtq,matmul,C = A*B,td,binary64,3,159,512,0,0.128791324,1.06763291,0.1206,omp,0.000000e+00,pre-FMA,bncmatmul-0.24,2026-07-30
arm-gb10,spark-d762,Arm Cortex-X925 / Cortex-A725 (NVIDIA GB10 Grace-Blackwell),20,NVIDIA GB10,sm_121,13.0,gcc (Ubuntu 13.3.0-6ubuntu2~24.04.1) 13.3.0,gdtq,matmul,C = A*B,td,binary64,3,159,1024,0,0.677888303,4.49311754,0.1509,omp,0.000000e+00,pre-FMA,bncmatmul-0.24,2026-07-30
arm-gb10,spark-d762,Arm Cortex-X925 / Cortex-A725 (NVIDIA GB10 Grace-Blackwell),20,NVIDIA GB10,sm_121,13.0,gcc (Ubuntu 13.3.0-6ubuntu2~24.04.1) 13.3.0,gdtq,matmul,C = A*B,qd,binary64,4,212,128,0,0.00997286,0.138519599,0.0720,omp,0.000000e+00,pre-FMA,bncmatmul-0.24,2026-07-30
arm-gb10,spark-d762,Arm Cortex-X925 / Cortex-A725 (NVIDIA GB10 Grace-Blackwell),20,NVIDIA GB10,sm_121,13.0,gcc (Ubuntu 13.3.0-6ubuntu2~24.04.1) 13.3.0,gdtq,matmul,C = A*B,qd,binary64,4,212,256,0,0.050090685,0.554540334,0.0903,omp,0.000000e+00,pre-FMA,bncmatmul-0.24,2026-07-30
arm-gb10,spark-d762,Arm Cortex-X925 / Cortex-A725 (NVIDIA GB10 Grace-Blackwell),20,NVIDIA GB10,sm_121,13.0,gcc (Ubuntu 13.3.0-6ubuntu2~24.04.1) 13.3.0,gdtq,matmul,C = A*B,qd,binary64,4,212,512,0,0.193976183,2.29935122,0.0844,omp,0.000000e+00,pre-FMA,bncmatmul-0.24,2026-07-30
arm-gb10,spark-d762,Arm Cortex-X925 / Cortex-A725 (NVIDIA GB10 Grace-Blackwell),20,NVIDIA GB10,sm_121,13.0,gcc (Ubuntu 13.3.0-6ubuntu2~24.04.1) 13.3.0,gdtq,matmul,C = A*B,qd,binary64,4,212,1024,0,1.09559039,9.25217197,0.1184,omp,0.000000e+00,pre-FMA,bncmatmul-0.24,2026-07-30
arm-gb10,spark-d762,Arm Cortex-X925 / Cortex-A725 (NVIDIA GB10 Grace-Blackwell),20,NVIDIA GB10,sm_121,13.0,gcc (Ubuntu 13.3.0-6ubuntu2~24.04.1) 13.3.0,gdtq,matmul,C = A*B,ds,binary32,2,48,128,0,0.004042682,0.001075143,3.7601,omp,3.038743e-14,pre-FMA,bncmatmul-0.24,2026-07-30
arm-gb10,spark-d762,Arm Cortex-X925 / Cortex-A725 (NVIDIA GB10 Grace-Blackwell),20,NVIDIA GB10,sm_121,13.0,gcc (Ubuntu 13.3.0-6ubuntu2~24.04.1) 13.3.0,gdtq,matmul,C = A*B,ds,binary32,2,48,256,0,0.006720538,0.004259882,1.5776,omp,6.024734e-14,pre-FMA,bncmatmul-0.24,2026-07-30
arm-gb10,spark-d762,Arm Cortex-X925 / Cortex-A725 (NVIDIA GB10 Grace-Blackwell),20,NVIDIA GB10,sm_121,13.0,gcc (Ubuntu 13.3.0-6ubuntu2~24.04.1) 13.3.0,gdtq,matmul,C = A*B,ds,binary32,2,48,512,0,0.027205946,0.017204699,1.5813,omp,1.234323e-13,pre-FMA,bncmatmul-0.24,2026-07-30
arm-gb10,spark-d762,Arm Cortex-X925 / Cortex-A725 (NVIDIA GB10 Grace-Blackwell),20,NVIDIA GB10,sm_121,13.0,gcc (Ubuntu 13.3.0-6ubuntu2~24.04.1) 13.3.0,gdtq,matmul,C = A*B,ds,binary32,2,48,1024,0,0.134416961,0.076147511,1.7652,omp,2.428962e-13,pre-FMA,bncmatmul-0.24,2026-07-30
arm-gb10,spark-d762,Arm Cortex-X925 / Cortex-A725 (NVIDIA GB10 Grace-Blackwell),20,NVIDIA GB10,sm_121,13.0,gcc (Ubuntu 13.3.0-6ubuntu2~24.04.1) 13.3.0,gdtq,matmul,C = A*B,ts,binary32,3,72,128,0,0.005572449,0.006593319,0.8452,omp,0.000000e+00,pre-FMA,bncmatmul-0.24,2026-07-30
arm-gb10,spark-d762,Arm Cortex-X925 / Cortex-A725 (NVIDIA GB10 Grace-Blackwell),20,NVIDIA GB10,sm_121,13.0,gcc (Ubuntu 13.3.0-6ubuntu2~24.04.1) 13.3.0,gdtq,matmul,C = A*B,ts,binary32,3,72,256,0,0.01922829,0.026302923,0.7310,omp,0.000000e+00,pre-FMA,bncmatmul-0.24,2026-07-30
arm-gb10,spark-d762,Arm Cortex-X925 / Cortex-A725 (NVIDIA GB10 Grace-Blackwell),20,NVIDIA GB10,sm_121,13.0,gcc (Ubuntu 13.3.0-6ubuntu2~24.04.1) 13.3.0,gdtq,matmul,C = A*B,ts,binary32,3,72,512,0,0.087818822,0.105173236,0.8350,omp,0.000000e+00,pre-FMA,bncmatmul-0.24,2026-07-30
arm-gb10,spark-d762,Arm Cortex-X925 / Cortex-A725 (NVIDIA GB10 Grace-Blackwell),20,NVIDIA GB10,sm_121,13.0,gcc (Ubuntu 13.3.0-6ubuntu2~24.04.1) 13.3.0,gdtq,matmul,C = A*B,ts,binary32,3,72,1024,0,0.416360718,0.508849874,0.8182,omp,0.000000e+00,pre-FMA,bncmatmul-0.24,2026-07-30
arm-gb10,spark-d762,Arm Cortex-X925 / Cortex-A725 (NVIDIA GB10 Grace-Blackwell),20,NVIDIA GB10,sm_121,13.0,gcc (Ubuntu 13.3.0-6ubuntu2~24.04.1) 13.3.0,gdtq,matmul,C = A*B,qs,binary32,4,96,128,0,0.008303805,0.008181324,1.0150,omp,0.000000e+00,pre-FMA,bncmatmul-0.24,2026-07-30
arm-gb10,spark-d762,Arm Cortex-X925 / Cortex-A725 (NVIDIA GB10 Grace-Blackwell),20,NVIDIA GB10,sm_121,13.0,gcc (Ubuntu 13.3.0-6ubuntu2~24.04.1) 13.3.0,gdtq,matmul,C = A*B,qs,binary32,4,96,256,0,0.037745822,0.032763297,1.1521,omp,0.000000e+00,pre-FMA,bncmatmul-0.24,2026-07-30
arm-gb10,spark-d762,Arm Cortex-X925 / Cortex-A725 (NVIDIA GB10 Grace-Blackwell),20,NVIDIA GB10,sm_121,13.0,gcc (Ubuntu 13.3.0-6ubuntu2~24.04.1) 13.3.0,gdtq,matmul,C = A*B,qs,binary32,4,96,512,0,0.150582622,0.131083546,1.1488,omp,0.000000e+00,pre-FMA,bncmatmul-0.24,2026-07-30
arm-gb10,spark-d762,Arm Cortex-X925 / Cortex-A725 (NVIDIA GB10 Grace-Blackwell),20,NVIDIA GB10,sm_121,13.0,gcc (Ubuntu 13.3.0-6ubuntu2~24.04.1) 13.3.0,gdtq,matmul,C = A*B,qs,binary32,4,96,1024,0,0.788141728,0.666120917,1.1832,omp,0.000000e+00,pre-FMA,bncmatmul-0.24,2026-07-30
arm-gb10,spark-d762,Arm Cortex-X925 / Cortex-A725 (NVIDIA GB10 Grace-Blackwell),20,NVIDIA GB10,sm_121,13.0,gcc (Ubuntu 13.3.0-6ubuntu2~24.04.1) 13.3.0,gdtq,matmul,C = A*B,d,binary64,1,53,128,0,0.000812228,0.001223334,0.6639,omp,0.000000e+00,pre-FMA,bncmatmul-0.24,2026-07-30
arm-gb10,spark-d762,Arm Cortex-X925 / Cortex-A725 (NVIDIA GB10 Grace-Blackwell),20,NVIDIA GB10,sm_121,13.0,gcc (Ubuntu 13.3.0-6ubuntu2~24.04.1) 13.3.0,gdtq,matvec,y = A*x,d,binary64,1,53,128,0,0.000617139,1.3536e-05,45.5924,omp,4.555011e-16,pre-FMA,bncmatmul-0.24,2026-07-30
arm-gb10,spark-d762,Arm Cortex-X925 / Cortex-A725 (NVIDIA GB10 Grace-Blackwell),20,NVIDIA GB10,sm_121,13.0,gcc (Ubuntu 13.3.0-6ubuntu2~24.04.1) 13.3.0,gdtq,matmul,C = A*B,d,binary64,1,53,256,0,0.002685421,0.004854664,0.5532,omp,0.000000e+00,pre-FMA,bncmatmul-0.24,2026-07-30
arm-gb10,spark-d762,Arm Cortex-X925 / Cortex-A725 (NVIDIA GB10 Grace-Blackwell),20,NVIDIA GB10,sm_121,13.0,gcc (Ubuntu 13.3.0-6ubuntu2~24.04.1) 13.3.0,gdtq,matvec,y = A*x,d,binary64,1,53,256,0,0.000713459,2.096e-05,34.0391,omp,5.942417e-16,pre-FMA,bncmatmul-0.24,2026-07-30
arm-gb10,spark-d762,Arm Cortex-X925 / Cortex-A725 (NVIDIA GB10 Grace-Blackwell),20,NVIDIA GB10,sm_121,13.0,gcc (Ubuntu 13.3.0-6ubuntu2~24.04.1) 13.3.0,gdtq,matmul,C = A*B,d,binary64,1,53,512,0,0.016042335,0.019299935,0.8312,omp,0.000000e+00,pre-FMA,bncmatmul-0.24,2026-07-30
arm-gb10,spark-d762,Arm Cortex-X925 / Cortex-A725 (NVIDIA GB10 Grace-Blackwell),20,NVIDIA GB10,sm_121,13.0,gcc (Ubuntu 13.3.0-6ubuntu2~24.04.1) 13.3.0,gdtq,matvec,y = A*x,d,binary64,1,53,512,0,0.000590115,3.6416e-05,16.2048,omp,7.605201e-16,pre-FMA,bncmatmul-0.24,2026-07-30
arm-gb10,spark-d762,Arm Cortex-X925 / Cortex-A725 (NVIDIA GB10 Grace-Blackwell),20,NVIDIA GB10,sm_121,13.0,gcc (Ubuntu 13.3.0-6ubuntu2~24.04.1) 13.3.0,gdtq,matmul,C = A*B,d,binary64,1,53,1024,0,0,0.084263408,,none,-1.000000e+00,pre-FMA,bncmatmul-0.24,2026-07-30
arm-gb10,spark-d762,Arm Cortex-X925 / Cortex-A725 (NVIDIA GB10 Grace-Blackwell),20,NVIDIA GB10,sm_121,13.0,gcc (Ubuntu 13.3.0-6ubuntu2~24.04.1) 13.3.0,gdtq,matvec,y = A*x,d,binary64,1,53,1024,0,0.000750852,6.6817e-05,11.2374,omp,1.141894e-15,pre-FMA,bncmatmul-0.24,2026-07-30
arm-gb10,spark-d762,Arm Cortex-X925 / Cortex-A725 (NVIDIA GB10 Grace-Blackwell),20,NVIDIA GB10,sm_121,13.0,gcc (Ubuntu 13.3.0-6ubuntu2~24.04.1) 13.3.0,gdtq,axpy,c = alpha*a  (SCAL; no fused AXPY kernel in the GPU lib),d,binary64,1,53,4096,0,5.76e-07,5.936e-06,0.0970,omp,0.000000e+00,pre-FMA,bncmatmul-0.24,2026-07-30
arm-gb10,spark-d762,Arm Cortex-X925 / Cortex-A725 (NVIDIA GB10 Grace-Blackwell),20,NVIDIA GB10,sm_121,13.0,gcc (Ubuntu 13.3.0-6ubuntu2~24.04.1) 13.3.0,gdtq,axpy,c = alpha*a  (SCAL; no fused AXPY kernel in the GPU lib),d,binary64,1,53,16384,0,2.208e-06,5.904e-06,0.3740,omp,0.000000e+00,pre-FMA,bncmatmul-0.24,2026-07-30
arm-gb10,spark-d762,Arm Cortex-X925 / Cortex-A725 (NVIDIA GB10 Grace-Blackwell),20,NVIDIA GB10,sm_121,13.0,gcc (Ubuntu 13.3.0-6ubuntu2~24.04.1) 13.3.0,gdtq,axpy,c = alpha*a  (SCAL; no fused AXPY kernel in the GPU lib),d,binary64,1,53,65536,0,1.0976e-05,6.624e-06,1.6570,omp,0.000000e+00,pre-FMA,bncmatmul-0.24,2026-07-30
arm-gb10,spark-d762,Arm Cortex-X925 / Cortex-A725 (NVIDIA GB10 Grace-Blackwell),20,NVIDIA GB10,sm_121,13.0,gcc (Ubuntu 13.3.0-6ubuntu2~24.04.1) 13.3.0,gdtq,axpy,c = alpha*a  (SCAL; no fused AXPY kernel in the GPU lib),d,binary64,1,53,262144,0,7.1712e-05,9.216e-06,7.7812,omp,0.000000e+00,pre-FMA,bncmatmul-0.24,2026-07-30
arm-gb10,spark-d762,Arm Cortex-X925 / Cortex-A725 (NVIDIA GB10 Grace-Blackwell),20,NVIDIA GB10,sm_121,13.0,gcc (Ubuntu 13.3.0-6ubuntu2~24.04.1) 13.3.0,gdtq,axpy,c = alpha*a  (SCAL; no fused AXPY kernel in the GPU lib),d,binary64,1,53,1048576,0,0.000404386,2.6656e-05,15.1705,omp,0.000000e+00,pre-FMA,bncmatmul-0.24,2026-07-30
arm-gb10,spark-d762,Arm Cortex-X925 / Cortex-A725 (NVIDIA GB10 Grace-Blackwell),20,NVIDIA GB10,sm_121,13.0,gcc (Ubuntu 13.3.0-6ubuntu2~24.04.1) 13.3.0,gdtq,matmul,C = A*B,f,binary32,1,24,128,0,0.000359618,0.000956421,0.3760,serial,2.278235e-07,pre-FMA,bncmatmul-0.24,2026-07-30
arm-gb10,spark-d762,Arm Cortex-X925 / Cortex-A725 (NVIDIA GB10 Grace-Blackwell),20,NVIDIA GB10,sm_121,13.0,gcc (Ubuntu 13.3.0-6ubuntu2~24.04.1) 13.3.0,gdtq,matvec,y = A*x,f,binary32,1,24,128,0,1.408e-06,1.2864e-05,0.1095,serial,2.019029e-07,pre-FMA,bncmatmul-0.24,2026-07-30
arm-gb10,spark-d762,Arm Cortex-X925 / Cortex-A725 (NVIDIA GB10 Grace-Blackwell),20,NVIDIA GB10,sm_121,13.0,gcc (Ubuntu 13.3.0-6ubuntu2~24.04.1) 13.3.0,gdtq,matmul,C = A*B,f,binary32,1,24,256,0,0.007532597,0.003618146,2.0819,serial,3.176498e-07,pre-FMA,bncmatmul-0.24,2026-07-30
arm-gb10,spark-d762,Arm Cortex-X925 / Cortex-A725 (NVIDIA GB10 Grace-Blackwell),20,NVIDIA GB10,sm_121,13.0,gcc (Ubuntu 13.3.0-6ubuntu2~24.04.1) 13.3.0,gdtq,matvec,y = A*x,f,binary32,1,24,256,0,6.176e-06,1.976e-05,0.3126,serial,3.277911e-07,pre-FMA,bncmatmul-0.24,2026-07-30
arm-gb10,spark-d762,Arm Cortex-X925 / Cortex-A725 (NVIDIA GB10 Grace-Blackwell),20,NVIDIA GB10,sm_121,13.0,gcc (Ubuntu 13.3.0-6ubuntu2~24.04.1) 13.3.0,gdtq,matmul,C = A*B,f,binary32,1,24,512,0,0.071683842,0.014422488,4.9703,serial,4.454438e-07,pre-FMA,bncmatmul-0.24,2026-07-30
arm-gb10,spark-d762,Arm Cortex-X925 / Cortex-A725 (NVIDIA GB10 Grace-Blackwell),20,NVIDIA GB10,sm_121,13.0,gcc (Ubuntu 13.3.0-6ubuntu2~24.04.1) 13.3.0,gdtq,matvec,y = A*x,f,binary32,1,24,512,0,2.6544e-05,3.3921e-05,0.7825,serial,4.283389e-07,pre-FMA,bncmatmul-0.24,2026-07-30
arm-gb10,spark-d762,Arm Cortex-X925 / Cortex-A725 (NVIDIA GB10 Grace-Blackwell),20,NVIDIA GB10,sm_121,13.0,gcc (Ubuntu 13.3.0-6ubuntu2~24.04.1) 13.3.0,gdtq,matmul,C = A*B,f,binary32,1,24,1024,0,0,0.057608989,,none,-1.000000e+00,pre-FMA,bncmatmul-0.24,2026-07-30
arm-gb10,spark-d762,Arm Cortex-X925 / Cortex-A725 (NVIDIA GB10 Grace-Blackwell),20,NVIDIA GB10,sm_121,13.0,gcc (Ubuntu 13.3.0-6ubuntu2~24.04.1) 13.3.0,gdtq,matvec,y = A*x,f,binary32,1,24,1024,0,0.000131425,6.1969e-05,2.1208,serial,6.167006e-07,pre-FMA,bncmatmul-0.24,2026-07-30
arm-gb10,spark-d762,Arm Cortex-X925 / Cortex-A725 (NVIDIA GB10 Grace-Blackwell),20,NVIDIA GB10,sm_121,13.0,gcc (Ubuntu 13.3.0-6ubuntu2~24.04.1) 13.3.0,gdtq,axpy,c = alpha*a  (SCAL; no fused AXPY kernel in the GPU lib),f,binary32,1,24,4096,0,2.88e-07,5.808e-06,0.0496,serial,0.000000e+00,pre-FMA,bncmatmul-0.24,2026-07-30
arm-gb10,spark-d762,Arm Cortex-X925 / Cortex-A725 (NVIDIA GB10 Grace-Blackwell),20,NVIDIA GB10,sm_121,13.0,gcc (Ubuntu 13.3.0-6ubuntu2~24.04.1) 13.3.0,gdtq,axpy,c = alpha*a  (SCAL; no fused AXPY kernel in the GPU lib),f,binary32,1,24,16384,0,1.088e-06,5.856e-06,0.1858,serial,0.000000e+00,pre-FMA,bncmatmul-0.24,2026-07-30
arm-gb10,spark-d762,Arm Cortex-X925 / Cortex-A725 (NVIDIA GB10 Grace-Blackwell),20,NVIDIA GB10,sm_121,13.0,gcc (Ubuntu 13.3.0-6ubuntu2~24.04.1) 13.3.0,gdtq,axpy,c = alpha*a  (SCAL; no fused AXPY kernel in the GPU lib),f,binary32,1,24,65536,0,5.952e-06,6.384e-06,0.9323,serial,0.000000e+00,pre-FMA,bncmatmul-0.24,2026-07-30
arm-gb10,spark-d762,Arm Cortex-X925 / Cortex-A725 (NVIDIA GB10 Grace-Blackwell),20,NVIDIA GB10,sm_121,13.0,gcc (Ubuntu 13.3.0-6ubuntu2~24.04.1) 13.3.0,gdtq,axpy,c = alpha*a  (SCAL; no fused AXPY kernel in the GPU lib),f,binary32,1,24,262144,0,2.768e-05,8.288e-06,3.3398,serial,0.000000e+00,pre-FMA,bncmatmul-0.24,2026-07-30
arm-gb10,spark-d762,Arm Cortex-X925 / Cortex-A725 (NVIDIA GB10 Grace-Blackwell),20,NVIDIA GB10,sm_121,13.0,gcc (Ubuntu 13.3.0-6ubuntu2~24.04.1) 13.3.0,gdtq,axpy,c = alpha*a  (SCAL; no fused AXPY kernel in the GPU lib),f,binary32,1,24,1048576,0,0.00016936,1.5745e-05,10.7564,serial,0.000000e+00,pre-FMA,bncmatmul-0.24,2026-07-30
arm-gb10,spark-d762,Arm Cortex-X925 / Cortex-A725 (NVIDIA GB10 Grace-Blackwell),20,NVIDIA GB10,sm_121,13.0,gcc (Ubuntu 13.3.0-6ubuntu2~24.04.1) 13.3.0,mpc_cuda,axpy,y = alpha*x + y  (fused),mpf128,mpf,,128,4096,0,9.15527344e-05,0.000197712798,0.4631,mpf-omp,4.608052e-17,pre-FMA,bncmatmul-0.24,2026-07-30
arm-gb10,spark-d762,Arm Cortex-X925 / Cortex-A725 (NVIDIA GB10 Grace-Blackwell),20,NVIDIA GB10,sm_121,13.0,gcc (Ubuntu 13.3.0-6ubuntu2~24.04.1) 13.3.0,mpc_cuda,axpy,y = alpha*x + y  (fused),mpf128,mpf,,128,16384,0,0.000439554919,0.000204432756,2.1501,mpf-omp,4.845632e-17,pre-FMA,bncmatmul-0.24,2026-07-30
arm-gb10,spark-d762,Arm Cortex-X925 / Cortex-A725 (NVIDIA GB10 Grace-Blackwell),20,NVIDIA GB10,sm_121,13.0,gcc (Ubuntu 13.3.0-6ubuntu2~24.04.1) 13.3.0,mpc_cuda,axpy,y = alpha*x + y  (fused),mpf128,mpf,,128,65536,0,0.00153484009,0.000247472897,6.2021,mpf-omp,4.669464e-17,pre-FMA,bncmatmul-0.24,2026-07-30
arm-gb10,spark-d762,Arm Cortex-X925 / Cortex-A725 (NVIDIA GB10 Grace-Blackwell),20,NVIDIA GB10,sm_121,13.0,gcc (Ubuntu 13.3.0-6ubuntu2~24.04.1) 13.3.0,mpc_cuda,axpy,y = alpha*x + y  (fused),mpf128,mpf,,128,262144,0,0.0069921948,0.000582450069,12.0048,mpf-omp,4.726006e-17,pre-FMA,bncmatmul-0.24,2026-07-30
arm-gb10,spark-d762,Arm Cortex-X925 / Cortex-A725 (NVIDIA GB10 Grace-Blackwell),20,NVIDIA GB10,sm_121,13.0,gcc (Ubuntu 13.3.0-6ubuntu2~24.04.1) 13.3.0,mpc_cuda,axpy,y = alpha*x + y  (fused),mpf128,mpf,,128,1048576,0,0.0295052491,0.00167317688,17.6343,mpf-omp,4.768170e-17,pre-FMA,bncmatmul-0.24,2026-07-30
arm-gb10,spark-d762,Arm Cortex-X925 / Cortex-A725 (NVIDIA GB10 Grace-Blackwell),20,NVIDIA GB10,sm_121,13.0,gcc (Ubuntu 13.3.0-6ubuntu2~24.04.1) 13.3.0,mpc_cuda,matvec,y = A*x,mpf128,mpf,,128,128,0,0.000184977427,0.000474899076,0.3895,mpf-omp,4.726082e-17,pre-FMA,bncmatmul-0.24,2026-07-30
arm-gb10,spark-d762,Arm Cortex-X925 / Cortex-A725 (NVIDIA GB10 Grace-Blackwell),20,NVIDIA GB10,sm_121,13.0,gcc (Ubuntu 13.3.0-6ubuntu2~24.04.1) 13.3.0,mpc_cuda,matvec,y = A*x,mpf128,mpf,,128,256,0,0.000688179862,0.000764084049,0.9007,mpf-omp,4.385082e-17,pre-FMA,bncmatmul-0.24,2026-07-30
arm-gb10,spark-d762,Arm Cortex-X925 / Cortex-A725 (NVIDIA GB10 Grace-Blackwell),20,NVIDIA GB10,sm_121,13.0,gcc (Ubuntu 13.3.0-6ubuntu2~24.04.1) 13.3.0,mpc_cuda,matvec,y = A*x,mpf128,mpf,,128,512,0,0.00417894823,0.00147731882,2.8287,mpf-omp,4.887512e-17,pre-FMA,bncmatmul-0.24,2026-07-30
arm-gb10,spark-d762,Arm Cortex-X925 / Cortex-A725 (NVIDIA GB10 Grace-Blackwell),20,NVIDIA GB10,sm_121,13.0,gcc (Ubuntu 13.3.0-6ubuntu2~24.04.1) 13.3.0,mpc_cuda,matvec,y = A*x,mpf128,mpf,,128,1024,0,-1,0.00285916636,,mpf-omp,4.812165e-17,pre-FMA,bncmatmul-0.24,2026-07-30
arm-gb10,spark-d762,Arm Cortex-X925 / Cortex-A725 (NVIDIA GB10 Grace-Blackwell),20,NVIDIA GB10,sm_121,13.0,gcc (Ubuntu 13.3.0-6ubuntu2~24.04.1) 13.3.0,mpc_cuda,matmul,C = A*B,mpf128,mpf,,128,128,0,0.0241116872,0.000752435997,32.0448,mpf-omp,5.153044e-17,pre-FMA,bncmatmul-0.24,2026-07-30
arm-gb10,spark-d762,Arm Cortex-X925 / Cortex-A725 (NVIDIA GB10 Grace-Blackwell),20,NVIDIA GB10,sm_121,13.0,gcc (Ubuntu 13.3.0-6ubuntu2~24.04.1) 13.3.0,mpc_cuda,matmul,C = A*B,mpf128,mpf,,128,256,0,0.147828584,0.00439224578,33.6567,mpf-omp,4.765116e-17,pre-FMA,bncmatmul-0.24,2026-07-30
arm-gb10,spark-d762,Arm Cortex-X925 / Cortex-A725 (NVIDIA GB10 Grace-Blackwell),20,NVIDIA GB10,sm_121,13.0,gcc (Ubuntu 13.3.0-6ubuntu2~24.04.1) 13.3.0,mpc_cuda,matmul,C = A*B,mpf128,mpf,,128,512,0,1.13462612,0.0326915369,34.7070,mpf-omp,4.675143e-17,pre-FMA,bncmatmul-0.24,2026-07-30
arm-gb10,spark-d762,Arm Cortex-X925 / Cortex-A725 (NVIDIA GB10 Grace-Blackwell),20,NVIDIA GB10,sm_121,13.0,gcc (Ubuntu 13.3.0-6ubuntu2~24.04.1) 13.3.0,mpc_cuda,matmul,C = A*B,mpf128,mpf,,128,1024,0,-1,0.248846262,,mpf-omp,5.162078e-17,pre-FMA,bncmatmul-0.24,2026-07-30
arm-gb10,spark-d762,Arm Cortex-X925 / Cortex-A725 (NVIDIA GB10 Grace-Blackwell),20,NVIDIA GB10,sm_121,13.0,gcc (Ubuntu 13.3.0-6ubuntu2~24.04.1) 13.3.0,mpc_cuda,axpy,y = alpha*x + y  (fused),mpf256,mpf,,256,4096,0,0.000182593241,0.000191681087,0.9526,mpf-omp,4.608052e-17,pre-FMA,bncmatmul-0.24,2026-07-30
arm-gb10,spark-d762,Arm Cortex-X925 / Cortex-A725 (NVIDIA GB10 Grace-Blackwell),20,NVIDIA GB10,sm_121,13.0,gcc (Ubuntu 13.3.0-6ubuntu2~24.04.1) 13.3.0,mpc_cuda,axpy,y = alpha*x + y  (fused),mpf256,mpf,,256,16384,0,0.000818516128,0.000211729202,3.8659,mpf-omp,4.845632e-17,pre-FMA,bncmatmul-0.24,2026-07-30
arm-gb10,spark-d762,Arm Cortex-X925 / Cortex-A725 (NVIDIA GB10 Grace-Blackwell),20,NVIDIA GB10,sm_121,13.0,gcc (Ubuntu 13.3.0-6ubuntu2~24.04.1) 13.3.0,mpc_cuda,axpy,y = alpha*x + y  (fused),mpf256,mpf,,256,65536,0,0.00297926227,0.00026227301,11.3594,mpf-omp,4.669464e-17,pre-FMA,bncmatmul-0.24,2026-07-30
arm-gb10,spark-d762,Arm Cortex-X925 / Cortex-A725 (NVIDIA GB10 Grace-Blackwell),20,NVIDIA GB10,sm_121,13.0,gcc (Ubuntu 13.3.0-6ubuntu2~24.04.1) 13.3.0,mpc_cuda,axpy,y = alpha*x + y  (fused),mpf256,mpf,,256,262144,0,0.0131234396,0.000629314687,20.8535,mpf-omp,4.726006e-17,pre-FMA,bncmatmul-0.24,2026-07-30
arm-gb10,spark-d762,Arm Cortex-X925 / Cortex-A725 (NVIDIA GB10 Grace-Blackwell),20,NVIDIA GB10,sm_121,13.0,gcc (Ubuntu 13.3.0-6ubuntu2~24.04.1) 13.3.0,mpc_cuda,axpy,y = alpha*x + y  (fused),mpf256,mpf,,256,1048576,0,0.0540401381,0.00180568872,29.9277,mpf-omp,4.768170e-17,pre-FMA,bncmatmul-0.24,2026-07-30
arm-gb10,spark-d762,Arm Cortex-X925 / Cortex-A725 (NVIDIA GB10 Grace-Blackwell),20,NVIDIA GB10,sm_121,13.0,gcc (Ubuntu 13.3.0-6ubuntu2~24.04.1) 13.3.0,mpc_cuda,matvec,y = A*x,mpf256,mpf,,256,128,0,0.000178433023,0.000520403031,0.3429,mpf-omp,4.726082e-17,pre-FMA,bncmatmul-0.24,2026-07-30
arm-gb10,spark-d762,Arm Cortex-X925 / Cortex-A725 (NVIDIA GB10 Grace-Blackwell),20,NVIDIA GB10,sm_121,13.0,gcc (Ubuntu 13.3.0-6ubuntu2~24.04.1) 13.3.0,mpc_cuda,matvec,y = A*x,mpf256,mpf,,256,256,0,0.00125837419,0.000864244066,1.4560,mpf-omp,4.385082e-17,pre-FMA,bncmatmul-0.24,2026-07-30
arm-gb10,spark-d762,Arm Cortex-X925 / Cortex-A725 (NVIDIA GB10 Grace-Blackwell),20,NVIDIA GB10,sm_121,13.0,gcc (Ubuntu 13.3.0-6ubuntu2~24.04.1) 13.3.0,mpc_cuda,matvec,y = A*x,mpf256,mpf,,256,512,0,0.00430472475,0.00166765694,2.5813,mpf-omp,4.887512e-17,pre-FMA,bncmatmul-0.24,2026-07-30
arm-gb10,spark-d762,Arm Cortex-X925 / Cortex-A725 (NVIDIA GB10 Grace-Blackwell),20,NVIDIA GB10,sm_121,13.0,gcc (Ubuntu 13.3.0-6ubuntu2~24.04.1) 13.3.0,mpc_cuda,matvec,y = A*x,mpf256,mpf,,256,1024,0,-1,0.00319907209,,mpf-omp,4.812165e-17,pre-FMA,bncmatmul-0.24,2026-07-30
arm-gb10,spark-d762,Arm Cortex-X925 / Cortex-A725 (NVIDIA GB10 Grace-Blackwell),20,NVIDIA GB10,sm_121,13.0,gcc (Ubuntu 13.3.0-6ubuntu2~24.04.1) 13.3.0,mpc_cuda,matmul,C = A*B,mpf256,mpf,,256,128,0,0.0241332711,0.000998917036,24.1594,mpf-omp,5.153044e-17,pre-FMA,bncmatmul-0.24,2026-07-30
arm-gb10,spark-d762,Arm Cortex-X925 / Cortex-A725 (NVIDIA GB10 Grace-Blackwell),20,NVIDIA GB10,sm_121,13.0,gcc (Ubuntu 13.3.0-6ubuntu2~24.04.1) 13.3.0,mpc_cuda,matmul,C = A*B,mpf256,mpf,,256,256,0,0.16200825,0.00629347097,25.7423,mpf-omp,4.765116e-17,pre-FMA,bncmatmul-0.24,2026-07-30
arm-gb10,spark-d762,Arm Cortex-X925 / Cortex-A725 (NVIDIA GB10 Grace-Blackwell),20,NVIDIA GB10,sm_121,13.0,gcc (Ubuntu 13.3.0-6ubuntu2~24.04.1) 13.3.0,mpc_cuda,matmul,C = A*B,mpf256,mpf,,256,512,0,1.20065976,0.048074251,24.9751,mpf-omp,4.675143e-17,pre-FMA,bncmatmul-0.24,2026-07-30
arm-gb10,spark-d762,Arm Cortex-X925 / Cortex-A725 (NVIDIA GB10 Grace-Blackwell),20,NVIDIA GB10,sm_121,13.0,gcc (Ubuntu 13.3.0-6ubuntu2~24.04.1) 13.3.0,mpc_cuda,matmul,C = A*B,mpf256,mpf,,256,1024,0,-1,0.370303839,,mpf-omp,5.162078e-17,pre-FMA,bncmatmul-0.24,2026-07-30
arm-gb10,spark-d762,Arm Cortex-X925 / Cortex-A725 (NVIDIA GB10 Grace-Blackwell),20,NVIDIA GB10,sm_121,13.0,gcc (Ubuntu 13.3.0-6ubuntu2~24.04.1) 13.3.0,mpc_cuda,axpy,y = alpha*x + y  (fused),mpf512,mpf,,512,4096,0,0.000299409032,0.000208400656,1.4367,mpf-omp,4.608052e-17,pre-FMA,bncmatmul-0.24,2026-07-30
arm-gb10,spark-d762,Arm Cortex-X925 / Cortex-A725 (NVIDIA GB10 Grace-Blackwell),20,NVIDIA GB10,sm_121,13.0,gcc (Ubuntu 13.3.0-6ubuntu2~24.04.1) 13.3.0,mpc_cuda,axpy,y = alpha*x + y  (fused),mpf512,mpf,,512,16384,0,0.001276806,0.000230289064,5.5444,mpf-omp,4.845632e-17,pre-FMA,bncmatmul-0.24,2026-07-30
arm-gb10,spark-d762,Arm Cortex-X925 / Cortex-A725 (NVIDIA GB10 Grace-Blackwell),20,NVIDIA GB10,sm_121,13.0,gcc (Ubuntu 13.3.0-6ubuntu2~24.04.1) 13.3.0,mpc_cuda,axpy,y = alpha*x + y  (fused),mpf512,mpf,,512,65536,0,0.00457464624,0.000298561994,15.3223,mpf-omp,4.669464e-17,pre-FMA,bncmatmul-0.24,2026-07-30
arm-gb10,spark-d762,Arm Cortex-X925 / Cortex-A725 (NVIDIA GB10 Grace-Blackwell),20,NVIDIA GB10,sm_121,13.0,gcc (Ubuntu 13.3.0-6ubuntu2~24.04.1) 13.3.0,mpc_cuda,axpy,y = alpha*x + y  (fused),mpf512,mpf,,512,262144,0,0.0200104658,0.000736434944,27.1721,mpf-omp,4.726006e-17,pre-FMA,bncmatmul-0.24,2026-07-30
arm-gb10,spark-d762,Arm Cortex-X925 / Cortex-A725 (NVIDIA GB10 Grace-Blackwell),20,NVIDIA GB10,sm_121,13.0,gcc (Ubuntu 13.3.0-6ubuntu2~24.04.1) 13.3.0,mpc_cuda,axpy,y = alpha*x + y  (fused),mpf512,mpf,,512,1048576,0,0.0817139028,0.00226660306,36.0513,mpf-omp,4.768170e-17,pre-FMA,bncmatmul-0.24,2026-07-30
arm-gb10,spark-d762,Arm Cortex-X925 / Cortex-A725 (NVIDIA GB10 Grace-Blackwell),20,NVIDIA GB10,sm_121,13.0,gcc (Ubuntu 13.3.0-6ubuntu2~24.04.1) 13.3.0,mpc_cuda,matvec,y = A*x,mpf512,mpf,,512,128,0,0.000300145242,0.000623379368,0.4815,mpf-omp,4.726082e-17,pre-FMA,bncmatmul-0.24,2026-07-30
arm-gb10,spark-d762,Arm Cortex-X925 / Cortex-A725 (NVIDIA GB10 Grace-Blackwell),20,NVIDIA GB10,sm_121,13.0,gcc (Ubuntu 13.3.0-6ubuntu2~24.04.1) 13.3.0,mpc_cuda,matvec,y = A*x,mpf512,mpf,,512,256,0,0.00259148376,0.00103981281,2.4923,mpf-omp,4.385082e-17,pre-FMA,bncmatmul-0.24,2026-07-30
arm-gb10,spark-d762,Arm Cortex-X925 / Cortex-A725 (NVIDIA GB10 Grace-Blackwell),20,NVIDIA GB10,sm_121,13.0,gcc (Ubuntu 13.3.0-6ubuntu2~24.04.1) 13.3.0,mpc_cuda,matvec,y = A*x,mpf512,mpf,,512,512,0,0.0055706189,0.00202396186,2.7523,mpf-omp,4.887512e-17,pre-FMA,bncmatmul-0.24,2026-07-30
arm-gb10,spark-d762,Arm Cortex-X925 / Cortex-A725 (NVIDIA GB10 Grace-Blackwell),20,NVIDIA GB10,sm_121,13.0,gcc (Ubuntu 13.3.0-6ubuntu2~24.04.1) 13.3.0,mpc_cuda,matvec,y = A*x,mpf512,mpf,,512,1024,0,-1,0.00393541111,,mpf-omp,4.812165e-17,pre-FMA,bncmatmul-0.24,2026-07-30
arm-gb10,spark-d762,Arm Cortex-X925 / Cortex-A725 (NVIDIA GB10 Grace-Blackwell),20,NVIDIA GB10,sm_121,13.0,gcc (Ubuntu 13.3.0-6ubuntu2~24.04.1) 13.3.0,mpc_cuda,matmul,C = A*B,mpf512,mpf,,512,128,0,0.0349929859,0.001506167,23.2331,mpf-omp,5.153044e-17,pre-FMA,bncmatmul-0.24,2026-07-30
arm-gb10,spark-d762,Arm Cortex-X925 / Cortex-A725 (NVIDIA GB10 Grace-Blackwell),20,NVIDIA GB10,sm_121,13.0,gcc (Ubuntu 13.3.0-6ubuntu2~24.04.1) 13.3.0,mpc_cuda,matmul,C = A*B,mpf512,mpf,,512,256,0,0.248969629,0.0100813289,24.6961,mpf-omp,4.765116e-17,pre-FMA,bncmatmul-0.24,2026-07-30
arm-gb10,spark-d762,Arm Cortex-X925 / Cortex-A725 (NVIDIA GB10 Grace-Blackwell),20,NVIDIA GB10,sm_121,13.0,gcc (Ubuntu 13.3.0-6ubuntu2~24.04.1) 13.3.0,mpc_cuda,matmul,C = A*B,mpf512,mpf,,512,512,0,2.12307235,0.0764632211,27.7659,mpf-omp,4.675143e-17,pre-FMA,bncmatmul-0.24,2026-07-30
arm-gb10,spark-d762,Arm Cortex-X925 / Cortex-A725 (NVIDIA GB10 Grace-Blackwell),20,NVIDIA GB10,sm_121,13.0,gcc (Ubuntu 13.3.0-6ubuntu2~24.04.1) 13.3.0,mpc_cuda,matmul,C = A*B,mpf512,mpf,,512,1024,0,-1,0.586860856,,mpf-omp,5.162078e-17,pre-FMA,bncmatmul-0.24,2026-07-30
arm-gb10,spark-d762,Arm Cortex-X925 / Cortex-A725 (NVIDIA GB10 Grace-Blackwell),20,NVIDIA GB10,sm_121,13.0,gcc (Ubuntu 13.3.0-6ubuntu2~24.04.1) 13.3.0,mpc_cuda,axpy,y = alpha*x + y  (fused),mpf1024,mpf,,1024,4096,0,0.000661459286,0.000215968583,3.0628,mpf-omp,4.608052e-17,pre-FMA,bncmatmul-0.24,2026-07-30
arm-gb10,spark-d762,Arm Cortex-X925 / Cortex-A725 (NVIDIA GB10 Grace-Blackwell),20,NVIDIA GB10,sm_121,13.0,gcc (Ubuntu 13.3.0-6ubuntu2~24.04.1) 13.3.0,mpc_cuda,axpy,y = alpha*x + y  (fused),mpf1024,mpf,,1024,16384,0,0.00269767689,0.000278674066,9.6804,mpf-omp,4.845632e-17,pre-FMA,bncmatmul-0.24,2026-07-30
arm-gb10,spark-d762,Arm Cortex-X925 / Cortex-A725 (NVIDIA GB10 Grace-Blackwell),20,NVIDIA GB10,sm_121,13.0,gcc (Ubuntu 13.3.0-6ubuntu2~24.04.1) 13.3.0,mpc_cuda,axpy,y = alpha*x + y  (fused),mpf1024,mpf,,1024,65536,0,0.0102768983,0.000399649609,25.7148,mpf-omp,4.669464e-17,pre-FMA,bncmatmul-0.24,2026-07-30
arm-gb10,spark-d762,Arm Cortex-X925 / Cortex-A725 (NVIDIA GB10 Grace-Blackwell),20,NVIDIA GB10,sm_121,13.0,gcc (Ubuntu 13.3.0-6ubuntu2~24.04.1) 13.3.0,mpc_cuda,axpy,y = alpha*x + y  (fused),mpf1024,mpf,,1024,262144,0,0.0428706231,0.00116430968,36.8206,mpf-omp,4.726006e-17,pre-FMA,bncmatmul-0.24,2026-07-30
arm-gb10,spark-d762,Arm Cortex-X925 / Cortex-A725 (NVIDIA GB10 Grace-Blackwell),20,NVIDIA GB10,sm_121,13.0,gcc (Ubuntu 13.3.0-6ubuntu2~24.04.1) 13.3.0,mpc_cuda,axpy,y = alpha*x + y  (fused),mpf1024,mpf,,1024,1048576,0,0.170762282,0.00382390711,44.6565,mpf-omp,4.768170e-17,pre-FMA,bncmatmul-0.24,2026-07-30
arm-gb10,spark-d762,Arm Cortex-X925 / Cortex-A725 (NVIDIA GB10 Grace-Blackwell),20,NVIDIA GB10,sm_121,13.0,gcc (Ubuntu 13.3.0-6ubuntu2~24.04.1) 13.3.0,mpc_cuda,matvec,y = A*x,mpf1024,mpf,,1024,128,0,0.000405394007,0.00088283699,0.4592,mpf-omp,4.726082e-17,pre-FMA,bncmatmul-0.24,2026-07-30
arm-gb10,spark-d762,Arm Cortex-X925 / Cortex-A725 (NVIDIA GB10 Grace-Blackwell),20,NVIDIA GB10,sm_121,13.0,gcc (Ubuntu 13.3.0-6ubuntu2~24.04.1) 13.3.0,mpc_cuda,matvec,y = A*x,mpf1024,mpf,,1024,256,0,0.00311355107,0.0017103916,1.8204,mpf-omp,4.385082e-17,pre-FMA,bncmatmul-0.24,2026-07-30
arm-gb10,spark-d762,Arm Cortex-X925 / Cortex-A725 (NVIDIA GB10 Grace-Blackwell),20,NVIDIA GB10,sm_121,13.0,gcc (Ubuntu 13.3.0-6ubuntu2~24.04.1) 13.3.0,mpc_cuda,matvec,y = A*x,mpf1024,mpf,,1024,512,0,0.00748481974,0.00323780812,2.3117,mpf-omp,4.887512e-17,pre-FMA,bncmatmul-0.24,2026-07-30
arm-gb10,spark-d762,Arm Cortex-X925 / Cortex-A725 (NVIDIA GB10 Grace-Blackwell),20,NVIDIA GB10,sm_121,13.0,gcc (Ubuntu 13.3.0-6ubuntu2~24.04.1) 13.3.0,mpc_cuda,matvec,y = A*x,mpf1024,mpf,,1024,1024,0,-1,0.00708771404,,mpf-omp,4.812165e-17,pre-FMA,bncmatmul-0.24,2026-07-30
arm-gb10,spark-d762,Arm Cortex-X925 / Cortex-A725 (NVIDIA GB10 Grace-Blackwell),20,NVIDIA GB10,sm_121,13.0,gcc (Ubuntu 13.3.0-6ubuntu2~24.04.1) 13.3.0,mpc_cuda,matmul,C = A*B,mpf1024,mpf,,1024,128,0,0.044788809,0.00403362,11.1039,mpf-omp,5.153044e-17,pre-FMA,bncmatmul-0.24,2026-07-30
arm-gb10,spark-d762,Arm Cortex-X925 / Cortex-A725 (NVIDIA GB10 Grace-Blackwell),20,NVIDIA GB10,sm_121,13.0,gcc (Ubuntu 13.3.0-6ubuntu2~24.04.1) 13.3.0,mpc_cuda,matmul,C = A*B,mpf1024,mpf,,1024,256,0,0.324266429,0.0302180978,10.7309,mpf-omp,4.765116e-17,pre-FMA,bncmatmul-0.24,2026-07-30
arm-gb10,spark-d762,Arm Cortex-X925 / Cortex-A725 (NVIDIA GB10 Grace-Blackwell),20,NVIDIA GB10,sm_121,13.0,gcc (Ubuntu 13.3.0-6ubuntu2~24.04.1) 13.3.0,mpc_cuda,matmul,C = A*B,mpf1024,mpf,,1024,512,0,2.83323362,0.226002674,12.5363,mpf-omp,4.675143e-17,pre-FMA,bncmatmul-0.24,2026-07-30
arm-gb10,spark-d762,Arm Cortex-X925 / Cortex-A725 (NVIDIA GB10 Grace-Blackwell),20,NVIDIA GB10,sm_121,13.0,gcc (Ubuntu 13.3.0-6ubuntu2~24.04.1) 13.3.0,mpc_cuda,matmul,C = A*B,mpf1024,mpf,,1024,1024,0,-1,1.75145367,,mpf-omp,5.162078e-17,pre-FMA,bncmatmul-0.24,2026-07-30
