backend,type,op,N,seconds,iters,mflops
serial,float,axpy,128,2.577113e-08,8388608,9933.5965
serial,float,matvec,128,7.318908e-06,32768,4477.1709
serial,float,matmul,128,1.452570e-03,256,2887.5059
serial,double,axpy,128,2.062572e-08,16777216,12411.6881
serial,double,matvec,128,5.514892e-06,65536,5941.7300
serial,double,matmul,128,1.906579e-03,128,2199.9105
serial,dd,axpy,128,3.276616e-07,1048576,781.2938
serial,dd,matvec,128,8.178194e-05,4096,400.6753
serial,dd,matmul,128,1.051547e-02,32,398.8700
serial,td,axpy,128,1.749328e-06,131072,146.3419
serial,td,matvec,128,2.323380e-04,1024,141.0359
serial,td,matmul,128,2.977085e-02,8,140.8863
serial,qd,axpy,128,3.765563e-06,65536,67.9845
serial,qd,matvec,128,4.728395e-04,512,69.3005
serial,qd,matmul,128,6.138223e-02,4,68.3309
serial,ds,axpy,128,3.355435e-07,1048576,762.9413
serial,ds,matvec,128,8.102588e-05,4096,404.4140
serial,ds,matmul,128,1.052500e-02,32,398.5089
serial,ts,axpy,128,3.925230e-06,65536,65.2191
serial,ts,matvec,128,3.332715e-04,1024,98.3223
serial,ts,matmul,128,4.350787e-02,8,96.4033
serial,qs,axpy,128,9.315336e-06,32768,27.4816
serial,qs,matvec,128,1.164688e-03,256,28.1346
serial,qs,matmul,128,1.503115e-01,2,27.9041
serial,double,spmv,128,5.962947e-07,524288,2964.9767
serial,dd,spmv,128,2.962592e-06,131072,596.7748
serial,td,spmv,128,1.299792e-05,16384,136.0218
serial,qd,spmv,128,2.585474e-05,8192,68.3821
serial,float,spmv,128,4.104058e-07,524288,4307.9308
serial,ds,spmv,128,2.971909e-06,131072,594.9039
serial,ts,spmv,128,1.850433e-05,16384,95.5452
serial,qs,spmv,128,5.940866e-05,4096,29.7600
serial,float,axpy,256,4.868627e-08,4194304,10516.3109
serial,float,matvec,256,3.271998e-05,8192,4005.8702
serial,float,matmul,256,2.123176e-02,16,1580.3890
serial,double,axpy,256,6.083866e-08,4194304,8415.7017
serial,double,matvec,256,3.508912e-05,8192,3735.4028
serial,double,matmul,256,2.073582e-02,16,1618.1873
serial,dd,axpy,256,9.080277e-07,262144,563.8595
serial,dd,matvec,256,4.662736e-04,512,281.1053
serial,dd,matmul,256,1.043975e-01,2,321.4102
serial,td,axpy,256,3.490095e-06,65536,146.7009
serial,td,matvec,256,9.302497e-04,256,140.8998
serial,td,matmul,256,2.438838e-01,1,137.5837
serial,qd,axpy,256,7.525086e-06,32768,68.0391
serial,qd,matvec,256,1.892563e-03,128,69.2563
serial,qd,matmul,256,5.306630e-01,1,63.2311
serial,ds,axpy,256,6.645432e-07,524288,770.4540
serial,ds,matvec,256,3.310165e-04,1024,395.9682
serial,ds,matmul,256,8.598799e-02,4,390.2223
serial,ts,axpy,256,7.862494e-06,32768,65.1193
serial,ts,matvec,256,1.333328e-03,256,98.3044
serial,ts,matmul,256,3.482430e-01,1,96.3535
serial,qs,axpy,256,1.863019e-05,16384,27.4823
serial,qs,matvec,256,4.669078e-03,64,28.0724
serial,qs,matmul,256,1.203827e+00,1,27.8731
serial,double,spmv,256,1.189240e-06,262144,2993.5089
serial,dd,spmv,256,5.947510e-06,65536,598.5699
serial,td,spmv,256,2.601711e-05,8192,136.8330
serial,qd,spmv,256,5.207083e-05,4096,68.3684
serial,float,spmv,256,8.200150e-07,262144,4341.3841
serial,ds,spmv,256,5.984330e-06,65536,594.8870
serial,ts,spmv,256,3.747363e-05,8192,95.0001
serial,qs,spmv,256,1.204985e-04,2048,29.5439
serial,float,axpy,512,9.087347e-08,4194304,11268.4152
serial,float,matvec,512,1.143569e-04,2048,4584.6657
serial,float,matmul,512,1.083441e-01,2,2477.6200
serial,double,axpy,512,9.370206e-08,4194304,10928.2554
serial,double,matvec,512,1.232745e-04,2048,4253.0122
serial,double,matmul,512,2.171600e-01,1,1236.1184
serial,dd,axpy,512,1.300014e-06,262144,787.6836
serial,dd,matvec,512,1.348418e-03,256,388.8171
serial,dd,matmul,512,8.341451e-01,1,321.8091
serial,td,axpy,512,7.087372e-06,32768,144.4823
serial,td,matvec,512,3.782500e-03,64,138.6089
serial,td,matmul,512,2.696487e+00,1,99.5501
serial,qd,axpy,512,1.510694e-05,16384,67.7834
serial,qd,matvec,512,7.564060e-03,32,69.3130
serial,qd,matmul,512,5.129805e+00,1,52.3286
serial,ds,axpy,512,1.321430e-06,262144,774.9179
serial,ds,matvec,512,1.336562e-03,256,392.2660
serial,ds,matmul,512,7.127619e-01,1,376.6131
serial,ts,axpy,512,1.573071e-05,16384,65.0956
serial,ts,matvec,512,5.326062e-03,64,98.4382
serial,ts,matmul,512,3.517715e+00,1,76.3096
serial,qs,axpy,512,3.724269e-05,8192,27.4953
serial,qs,matvec,512,1.869543e-02,16,28.0436
serial,qs,matmul,512,1.089241e+01,1,24.6443
serial,double,spmv,512,2.393181e-06,131072,2985.1486
serial,dd,spmv,512,1.176258e-05,32768,607.3500
serial,td,spmv,512,5.211157e-05,4096,137.0905
serial,qd,spmv,512,1.047476e-04,2048,68.2020
serial,float,spmv,512,1.727234e-06,131072,4136.0924
serial,ds,spmv,512,1.205481e-05,32768,592.6263
serial,ts,spmv,512,7.508934e-05,4096,95.1400
serial,qs,spmv,512,2.420137e-04,1024,29.5190
serial,float,axpy,1024,1.934195e-07,1048576,10588.3838
serial,float,matvec,1024,5.437071e-04,512,3857.1359
serial,float,matmul,1024,3.263033e+00,1,658.1250
serial,double,axpy,1024,1.835245e-07,2097152,11159.2701
serial,double,matvec,1024,5.105622e-04,512,4107.5347
serial,double,matmul,1024,3.245514e+00,1,661.6775
serial,dd,axpy,1024,2.594512e-06,131072,789.3585
serial,dd,matvec,1024,5.423516e-03,64,386.6776
serial,dd,matmul,1024,7.290650e+00,1,294.5531
serial,td,axpy,1024,1.399731e-05,16384,146.3138
serial,td,matvec,1024,1.485237e-02,16,141.1998
serial,td,matmul,1024,2.485341e+01,1,86.4060
serial,qd,axpy,1024,3.015247e-05,8192,67.9215
serial,qd,matvec,1024,3.017586e-02,8,69.4977
serial,qd,matmul,1024,4.824908e+01,1,44.5083
serial,ds,axpy,1024,2.634773e-06,131072,777.2964
serial,ds,matvec,1024,5.370703e-03,64,390.4800
serial,ds,matmul,1024,6.988944e+00,1,307.2687
serial,ts,axpy,1024,3.144483e-05,8192,65.1300
serial,ts,matvec,1024,2.131931e-02,16,98.3686
serial,ts,matmul,1024,3.121851e+01,1,68.7888
serial,qs,axpy,1024,7.466087e-05,4096,27.4307
serial,qs,matvec,1024,7.486695e-02,4,28.0117
serial,qs,matmul,1024,8.554559e+01,1,25.1034
serial,double,spmv,1024,4.773497e-06,65536,2998.2209
serial,dd,spmv,1024,2.362287e-05,16384,605.8537
serial,td,spmv,1024,1.042974e-04,2048,137.2230
serial,qd,spmv,1024,2.096826e-04,1024,68.2555
serial,float,spmv,1024,3.406800e-06,65536,4201.0100
serial,ds,spmv,1024,2.410340e-05,16384,593.7752
serial,ts,spmv,1024,1.505503e-04,2048,95.0646
serial,qs,spmv,1024,4.846444e-04,512,29.5309
serial,float,axpy,2048,3.412638e-07,1048576,12002.4455
serial,float,matvec,2048,2.083369e-03,128,4026.4637
serial,float,matmul,2048,2.747099e+01,1,625.3822
serial,double,axpy,2048,3.663663e-07,1048576,11180.0678
serial,double,matvec,2048,2.291953e-03,128,3660.0259
serial,double,matmul,2048,2.835654e+01,1,605.8521
serial,dd,axpy,2048,5.296049e-06,65536,773.4067
serial,dd,matvec,2048,2.180775e-02,16,384.6619
serial,dd,matmul,2048,1.072004e+02,1,160.2594
serial,td,axpy,2048,2.797146e-05,8192,146.4350
serial,td,matvec,2048,5.945694e-02,4,141.0871
serial,td,matmul,2048,3.774085e+02,1,45.5206
serial,qd,axpy,2048,6.038742e-05,4096,67.8287
serial,qd,matvec,2048,1.214955e-01,2,69.0446
serial,qd,matmul,2048,6.929435e+02,1,24.7926
serial,ds,axpy,2048,5.259109e-06,65536,778.8391
serial,ds,matvec,2048,2.155337e-02,16,389.2017
serial,ds,matmul,2048,7.495667e+01,1,229.1973
serial,ts,axpy,2048,6.448198e-05,4096,63.5216
serial,ts,matvec,2048,8.568925e-02,4,97.8957
serial,ts,matmul,2048,3.429969e+02,1,50.0875
serial,qs,axpy,2048,1.492177e-04,2048,27.4498
serial,qs,matvec,2048,2.987230e-01,1,28.0816
avx2,double,axpy,128,1.756544e-08,16777216,14574.0722
avx2,double,matvec,128,1.649369e-06,131072,19866.9959
avx2,double,matmul,128,1.806399e-03,128,2321.9147
avx2,dd,axpy,128,6.815770e-08,4194304,3755.9951
avx2,dd,matvec,128,1.377106e-05,16384,2379.4829
avx2,dd,matmul,128,2.215741e-03,128,1892.9575
avx2,td,axpy,128,4.100684e-07,524288,624.2861
avx2,td,matvec,128,5.704293e-05,4096,574.4446
avx2,td,matmul,128,9.456255e-03,32,443.5481
avx2,qd,axpy,128,8.961106e-07,262144,285.6790
avx2,qd,matvec,128,1.232608e-04,2048,265.8429
avx2,qd,matmul,128,1.802856e-02,16,232.6478
avx2,double,spmv,128,3.892151e-07,524288,4542.4757
avx2,dd,spmv,128,1.738419e-06,131072,1017.0160
avx2,td,spmv,128,8.840267e-06,32768,199.9940
avx2,qd,spmv,128,1.515588e-05,16384,116.6544
avx2,double,axpy,256,3.497948e-08,8388608,14637.1535
avx2,double,matvec,256,7.894472e-06,32768,16603.0098
avx2,double,matmul,256,1.466331e-02,16,2288.3261
avx2,dd,axpy,256,1.362433e-07,2097152,3757.9821
avx2,dd,matvec,256,5.803490e-05,4096,2258.5031
avx2,dd,matmul,256,1.934737e-02,16,1734.3149
avx2,td,axpy,256,8.126872e-07,262144,630.0087
avx2,td,matvec,256,2.173965e-04,1024,602.9167
avx2,td,matmul,256,7.710201e-02,4,435.1953
avx2,qd,axpy,256,1.796738e-06,131072,284.9609
avx2,qd,matvec,256,4.802048e-04,512,272.9502
avx2,qd,matmul,256,1.463945e-01,2,229.2056
avx2,double,spmv,256,8.008728e-07,262144,4445.1501
avx2,dd,spmv,256,3.480942e-06,65536,1022.7117
avx2,td,spmv,256,1.770502e-05,16384,201.0729
avx2,qd,spmv,256,3.028676e-05,8192,117.5431
avx2,double,axpy,512,6.942321e-08,4194304,14750.1105
avx2,double,matvec,512,4.435144e-05,8192,11821.2161
avx2,double,matmul,512,2.183712e-01,1,1229.2624
avx2,dd,axpy,512,2.723941e-07,1048576,3759.2589
avx2,dd,matvec,512,2.371534e-04,1024,2210.7549
avx2,dd,matmul,512,2.984471e-01,1,899.4406
avx2,td,axpy,512,1.624658e-06,131072,630.2866
avx2,td,matvec,512,8.532107e-04,256,614.4883
avx2,td,matmul,512,8.861721e-01,1,302.9157
avx2,qd,axpy,512,3.580244e-06,65536,286.0140
avx2,qd,matvec,512,1.893163e-03,128,276.9376
avx2,qd,matmul,512,1.702971e+00,1,157.6277
avx2,double,spmv,512,1.721817e-06,131072,4149.1049
avx2,dd,spmv,512,7.023162e-06,32768,1017.2057
avx2,td,spmv,512,3.540784e-05,8192,201.7632
avx2,qd,spmv,512,6.069796e-05,4096,117.6975
avx2,double,axpy,1024,1.638284e-07,2097152,12500.8837
avx2,double,matvec,1024,2.492471e-04,1024,8413.9486
avx2,double,matmul,1024,3.435882e+00,1,625.0167
avx2,dd,axpy,1024,5.943034e-07,524288,3446.0513
avx2,dd,matvec,1024,9.602541e-04,256,2183.9552
avx2,dd,matmul,1024,4.116662e+00,1,521.6565
avx2,td,axpy,1024,3.256027e-06,65536,628.9873
avx2,td,matvec,1024,3.377359e-03,64,620.9443
avx2,td,matmul,1024,1.235508e+01,1,173.8138
avx2,qd,axpy,1024,7.163486e-06,32768,285.8943
avx2,qd,matvec,1024,7.521719e-03,32,278.8129
avx2,qd,matmul,1024,2.479358e+01,1,86.6145
avx2,double,spmv,1024,3.493591e-06,65536,4096.6443
avx2,dd,spmv,1024,1.391863e-05,16384,1028.2621
avx2,td,spmv,1024,7.109006e-05,4096,201.3221
avx2,qd,spmv,1024,1.213388e-04,2048,117.9508
avx2,double,axpy,2048,3.896180e-07,524288,10512.8618
avx2,double,matvec,2048,1.204992e-03,256,6961.5483
avx2,double,matmul,2048,2.863925e+01,1,599.8715
avx2,dd,axpy,2048,1.297791e-06,262144,3156.1329
avx2,dd,matvec,2048,4.783407e-03,64,1753.6890
avx2,dd,matmul,2048,7.079286e+01,1,242.6780
avx2,td,axpy,2048,6.547547e-06,32768,625.5778
avx2,td,matvec,2048,1.350512e-02,16,621.1430
avx2,td,matmul,2048,2.021442e+02,1,84.9882
avx2,qd,axpy,2048,1.445337e-05,16384,283.3941
avx2,qd,matvec,2048,3.017613e-02,8,277.9882
avx2,qd,matmul,2048,4.579524e+02,1,37.5145
avx2,double,spmv,2048,7.017210e-06,32768,4082.5342
avx2,dd,spmv,2048,2.795813e-05,8192,1024.6751
avx2,td,spmv,2048,1.416621e-04,2048,202.2277
avx2,qd,spmv,2048,2.429297e-04,1024,117.9271
avx512,double,axpy,128,1.122147e-08,33554432,22813.4032
avx512,double,matvec,128,9.988744e-07,262144,32804.9257
avx512,double,matmul,128,1.871500e-03,128,2241.1454
avx512,dd,axpy,128,4.394460e-08,8388608,5825.5173
avx512,dd,matvec,128,1.504389e-05,16384,2178.1606
avx512,dd,matmul,128,2.479343e-03,128,1691.7000
avx512,td,axpy,128,2.710619e-07,1048576,944.4336
avx512,td,matvec,128,5.797338e-05,4096,565.2250
avx512,td,matmul,128,8.534566e-03,32,491.4490
avx512,qd,axpy,128,5.859220e-07,524288,436.9183
avx512,qd,matvec,128,9.819586e-05,2048,333.7004
avx512,qd,matmul,128,1.464513e-02,16,286.3958
avx512,double,spmv,128,4.195535e-07,524288,4214.0033
avx512,dd,spmv,128,4.132493e-06,65536,427.8289
avx512,td,spmv,128,2.050042e-05,16384,86.2421
avx512,qd,spmv,128,2.731616e-05,8192,64.7236
avx512,double,axpy,256,2.328758e-08,16777216,21985.9653
avx512,double,matvec,256,4.241287e-06,65536,30903.8295
avx512,double,matmul,256,1.525374e-02,16,2199.7515
avx512,dd,axpy,256,8.666655e-08,4194304,5907.7005
avx512,dd,matvec,256,5.559542e-05,4096,2357.6044
avx512,dd,matmul,256,1.755144e-02,16,1911.7769
avx512,td,axpy,256,5.416582e-07,524288,945.2455
avx512,td,matvec,256,1.965850e-04,1024,666.7448
avx512,td,matmul,256,6.080770e-02,4,551.8122
avx512,qd,axpy,256,1.170875e-06,262144,437.2797
avx512,qd,matvec,256,3.382578e-04,1024,387.4915
avx512,qd,matmul,256,1.111801e-01,2,301.8026
avx512,double,spmv,256,8.392872e-07,262144,4241.6948
avx512,dd,spmv,256,7.643495e-06,32768,465.7555
avx512,td,spmv,256,4.098998e-05,8192,86.8505
avx512,qd,spmv,256,5.469535e-05,4096,65.0878
avx512,double,axpy,512,3.394325e-07,1048576,3016.7999
avx512,double,matvec,512,2.946178e-05,8192,17795.5313
avx512,double,matmul,512,2.015810e-01,1,1331.6506
avx512,dd,axpy,512,1.731435e-07,2097152,5914.1708
avx512,dd,matvec,512,2.167588e-04,1024,2418.7621
avx512,dd,matmul,512,2.708931e-01,1,990.9276
avx512,td,axpy,512,1.083165e-06,262144,945.3781
avx512,td,matvec,512,7.159449e-04,512,732.3021
avx512,td,matmul,512,7.250471e-01,1,370.2317
avx512,qd,axpy,512,2.342536e-06,131072,437.1330
avx512,qd,matvec,512,1.251347e-03,256,418.9788
avx512,qd,matmul,512,1.264360e+00,1,212.3094
avx512,double,spmv,512,1.859329e-06,131072,3842.2460
avx512,dd,spmv,512,1.528321e-05,16384,467.4412
avx512,td,spmv,512,8.198584e-05,4096,87.1370
avx512,qd,spmv,512,1.092368e-04,2048,65.3992
avx512,double,axpy,1024,8.926202e-08,4194304,22943.6896
avx512,double,matvec,1024,2.327794e-04,1024,9009.1813
avx512,double,matmul,1024,3.438481e+00,1,624.5443
avx512,dd,axpy,1024,4.039175e-07,524288,5070.3422
avx512,dd,matvec,1024,8.824961e-04,256,2376.3866
avx512,dd,matmul,1024,3.867625e+00,1,555.2461
avx512,td,axpy,1024,2.175728e-06,131072,941.2942
avx512,td,matvec,1024,2.732478e-03,128,767.4909
avx512,td,matmul,1024,1.153621e+01,1,186.1515
avx512,qd,axpy,1024,4.688889e-06,65536,436.7772
avx512,qd,matvec,1024,4.866283e-03,64,430.9556
avx512,qd,matmul,1024,2.017925e+01,1,106.4204
avx512,double,spmv,1024,3.681915e-06,65536,3887.1080
avx512,dd,spmv,1024,3.060402e-05,8192,467.6510
avx512,td,spmv,1024,1.640382e-04,2048,87.2480
avx512,qd,spmv,1024,2.186748e-04,1024,65.4488
avx512,double,axpy,2048,1.976537e-07,1048576,20723.1172
avx512,double,matvec,2048,9.330390e-04,256,8990.6295
avx512,double,matmul,2048,2.712958e+01,1,633.2522
avx512,dd,axpy,2048,7.996559e-07,262144,5122.2030
avx512,dd,matvec,2048,4.396766e-03,64,1907.9039
avx512,dd,matmul,2048,7.276308e+01,1,236.1069
avx512,td,axpy,2048,4.334917e-06,65536,944.8854
avx512,td,matvec,2048,1.093160e-02,32,767.3727
avx512,td,matmul,2048,1.695810e+02,1,101.3077
avx512,qd,axpy,2048,9.368749e-06,32768,437.1982
avx512,qd,matvec,2048,1.947744e-02,16,430.6833
avx512,qd,matmul,2048,3.330610e+02,1,51.5817
avx512,double,spmv,2048,7.622861e-06,32768,3758.1692
avx512,dd,spmv,2048,6.294431e-05,4096,455.1325
avx512,td,spmv,2048,3.282696e-04,1024,87.2697
avx512,qd,spmv,2048,4.375759e-04,512,65.4698
serial,float,axpy,2048,3.775892e-07,1048576,10847.7670
serial,float,matvec,2048,2.084142e-03,128,4024.9703
serial,float,matmul,2048,2.599955e+01,1,660.7755
serial,double,axpy,2048,3.660814e-07,1048576,11188.7686
serial,double,matvec,2048,2.298923e-03,128,3648.9292
serial,double,matmul,2048,2.700653e+01,1,636.1376
serial,dd,axpy,2048,5.314727e-06,65536,770.6887
serial,dd,matvec,2048,2.184656e-02,16,383.9784
serial,dd,matmul,2048,1.044863e+02,1,164.4222
serial,td,axpy,2048,2.801538e-05,8192,146.2054
serial,td,matvec,2048,5.959576e-02,4,140.7585
serial,td,matmul,2048,3.768665e+02,1,45.5861
serial,qd,axpy,2048,8.404662e-05,4096,48.7349
serial,qd,matvec,2048,1.641110e-01,2,51.1154
serial,qd,matmul,2048,6.828712e+02,1,25.1583
serial,ds,axpy,2048,5.266815e-06,65536,777.6997
serial,ds,matvec,2048,2.156112e-02,16,389.0619
serial,ds,matmul,2048,7.631239e+01,1,225.1256
serial,ts,axpy,2048,6.437622e-05,4096,63.6260
serial,ts,matvec,2048,8.584225e-02,4,97.7212
serial,ts,matmul,2048,3.480205e+02,1,49.3645
serial,qs,axpy,2048,1.491391e-04,2048,27.4643
serial,qs,matvec,2048,2.987940e-01,1,28.0749
serial,qs,matmul,2048,7.830316e+02,1,21.9402
serial,double,spmv,2048,9.569274e-06,32768,2993.7485
serial,dd,spmv,2048,4.740761e-05,8192,604.2912
serial,td,spmv,2048,2.091376e-04,1024,136.9816
serial,qd,spmv,2048,4.173089e-04,512,68.6494
serial,float,spmv,2048,6.802642e-06,32768,4211.3049
serial,ds,spmv,2048,4.784460e-05,8192,598.7718
serial,ts,spmv,2048,3.010889e-04,1024,95.1480
serial,qs,spmv,2048,9.698560e-04,256,29.5384
avx2,float,axpy,128,1.290405e-08,16777216,19838.7283
avx2,float,matvec,128,1.232956e-06,262144,26576.7887
avx2,float,matmul,128,8.963672e-04,256,4679.2250
avx2,ds,axpy,128,3.410588e-08,8388608,7506.0369
avx2,ds,matvec,128,8.377167e-06,32768,3911.5851
avx2,ds,matmul,128,1.951883e-03,128,2148.8505
avx2,ts,axpy,128,1.152470e-06,262144,222.1316
avx2,ts,matvec,128,1.622632e-04,2048,201.9435
avx2,ts,matmul,128,2.415025e-02,16,173.6754
avx2,qs,axpy,128,1.993019e-06,131072,128.4483
avx2,qs,matvec,128,2.872401e-04,1024,114.0788
avx2,qs,matmul,128,3.871164e-02,8,108.3474
avx2,float,spmv,128,1.642853e-06,131072,1076.1766
avx2,ds,spmv,128,9.138275e-06,32768,193.4720
avx2,ts,spmv,128,3.783594e-05,8192,46.7281
avx2,qs,spmv,128,8.476590e-05,4096,20.8574
avx2,float,axpy,256,2.439677e-08,8388608,20986.3855
avx2,float,matvec,256,5.199570e-06,65536,25208.2369
avx2,float,matmul,256,1.597056e-02,16,2101.0181
avx2,ds,axpy,256,6.816884e-08,4194304,7510.7625
avx2,ds,matvec,256,3.172411e-05,8192,4131.6215
avx2,ds,matmul,256,1.475488e-02,16,2274.1249
avx2,ts,axpy,256,2.297249e-06,131072,222.8753
avx2,ts,matvec,256,6.092889e-04,512,215.1229
avx2,ts,matmul,256,1.822320e-01,2,184.1303
avx2,qs,axpy,256,3.984238e-06,65536,128.5064
avx2,qs,matvec,256,1.065664e-03,256,122.9956
avx2,qs,matmul,256,2.899859e-01,1,115.7106
avx2,float,spmv,256,3.290636e-06,65536,1081.8579
avx2,ds,spmv,256,1.310730e-05,16384,271.6043
avx2,ts,spmv,256,5.431595e-05,4096,65.5424
avx2,qs,spmv,256,1.216953e-04,2048,29.2534
avx2,float,axpy,512,4.808805e-08,4194304,21294.2697
avx2,float,matvec,512,2.207911e-05,16384,23745.8829
avx2,float,matmul,512,1.242965e-01,2,2159.6373
avx2,ds,axpy,512,1.363215e-07,2097152,7511.6519
avx2,ds,matvec,512,1.241597e-04,2048,4222.6894
avx2,ds,matmul,512,1.302490e-01,2,2060.9403
avx2,ts,axpy,512,4.588499e-06,65536,223.1667
avx2,ts,matvec,512,2.374524e-03,128,220.7971
avx2,ts,matmul,512,1.490346e+00,1,180.1162
avx2,qs,axpy,512,7.941009e-06,32768,128.9509
avx2,qs,matvec,512,4.114345e-03,64,127.4293
avx2,qs,matmul,512,2.312633e+00,1,116.0735
avx2,float,spmv,512,6.702670e-06,32768,1065.8439
avx2,ds,spmv,512,2.715856e-05,8192,263.0478
avx2,ts,spmv,512,1.085728e-04,2048,65.7992
avx2,qs,spmv,512,2.466084e-04,1024,28.9690
avx2,float,axpy,1024,9.639780e-08,2097152,21245.2985
avx2,float,matvec,1024,1.441509e-04,2048,14548.3078
avx2,float,matmul,1024,3.886868e+00,1,552.4972
avx2,ds,axpy,1024,2.726688e-07,1048576,7510.9441
avx2,ds,matvec,1024,4.912051e-04,512,4269.4016
avx2,ds,matmul,1024,3.809440e+00,1,563.7268
avx2,ts,axpy,1024,1.280828e-05,16384,159.8966
avx2,ts,matvec,1024,1.319538e-02,16,158.9308
avx2,ts,matmul,1024,1.999412e+01,1,107.4058
avx2,qs,axpy,1024,1.596716e-05,16384,128.2632
avx2,qs,matvec,1024,1.610930e-02,16,130.1827
avx2,qs,matmul,1024,2.796419e+01,1,76.7941
avx2,float,spmv,1024,1.524347e-05,16384,938.8941
avx2,ds,spmv,1024,5.372684e-05,4096,266.3846
avx2,ts,spmv,1024,2.169814e-04,1024,65.9596
avx2,qs,spmv,1024,4.937658e-04,512,28.9854
avx2,float,axpy,2048,1.984833e-07,1048576,20636.4918
avx2,float,matvec,2048,5.969298e-04,512,14052.9220
avx2,float,matmul,2048,2.710402e+01,1,633.8494
avx2,ds,axpy,2048,5.492002e-07,524288,7458.1183
avx2,ds,matvec,2048,2.100211e-03,128,3994.1746
avx2,ds,matmul,2048,5.684264e+01,1,302.2356
avx2,ts,axpy,2048,1.834125e-05,16384,223.3218
avx2,ts,matvec,2048,3.743339e-02,8,224.0943
avx2,ts,matmul,2048,1.871379e+02,1,91.8033
avx2,qs,axpy,2048,3.217286e-05,8192,127.3123
avx2,qs,matvec,2048,6.485200e-02,4,129.3500
avx2,qs,matmul,2048,2.619637e+02,1,65.5811
avx2,float,spmv,2048,2.681924e-05,8192,1068.1884
avx2,ds,spmv,2048,1.053551e-04,2048,271.9186
avx2,ts,spmv,2048,4.341756e-04,512,65.9825
avx2,qs,spmv,2048,9.722346e-04,256,29.4661
avx512,float,axpy,128,7.763113e-09,33554432,32976.4627
avx512,float,matvec,128,1.253040e-06,262144,26150.8022
avx512,float,matmul,128,9.414693e-04,256,4455.0617
avx512,ds,axpy,128,2.229994e-08,16777216,11479.8499
avx512,ds,matvec,128,1.904272e-05,16384,1720.7623
avx512,ds,matmul,128,3.174812e-03,64,1321.1190
avx512,ts,axpy,128,1.418939e-07,2097152,1804.1649
avx512,ts,matvec,128,6.420363e-05,4096,510.3761
avx512,ts,matmul,128,9.629659e-03,32,435.5610
avx512,qs,axpy,128,3.162138e-07,1048576,809.5788
avx512,qs,matvec,128,1.318135e-04,2048,248.5937
avx512,qs,matmul,128,1.937431e-02,16,216.4879
avx512,float,spmv,128,3.223267e-06,65536,548.5117
avx512,ds,spmv,128,1.733624e-05,16384,101.9829
avx512,ts,spmv,128,4.510485e-05,8192,39.1976
avx512,qs,spmv,128,1.023595e-04,2048,17.2725
avx512,float,axpy,256,1.078180e-08,33554432,47487.4467
avx512,float,matvec,256,2.652374e-06,131072,49416.8629
avx512,float,matmul,256,1.541975e-02,16,2176.0683
avx512,ds,axpy,256,4.388545e-08,8388608,11666.7369
avx512,ds,matvec,256,5.104445e-05,4096,2567.8011
avx512,ds,matmul,256,1.959674e-02,16,1712.2456
avx512,ts,axpy,256,2.833128e-07,1048576,1807.1896
avx512,ts,matvec,256,1.686529e-04,2048,777.1704
avx512,ts,matmul,256,5.581123e-02,4,601.2129
avx512,qs,axpy,256,6.301116e-07,524288,812.5545
avx512,qs,matvec,256,3.344668e-04,1024,391.8834
avx512,qs,matmul,256,1.066965e-01,2,314.4849
avx512,float,spmv,256,6.457522e-06,32768,551.2951
avx512,ds,spmv,256,3.468725e-05,8192,102.6314
avx512,ts,spmv,256,9.022164e-05,4096,39.4584
avx512,qs,spmv,256,2.048584e-04,1024,17.3779
avx512,float,axpy,512,2.979482e-08,8388608,34368.3913
avx512,float,matvec,512,1.038775e-05,32768,50471.7395
avx512,float,matmul,512,1.159846e-01,2,2314.4068
avx512,ds,axpy,512,8.721395e-08,4194304,11741.2412
avx512,ds,matvec,512,1.539493e-04,2048,3405.5898
avx512,ds,matmul,512,1.457605e-01,2,1841.6196
avx512,ts,axpy,512,6.201553e-07,524288,1651.1992
avx512,ts,matvec,512,5.001579e-04,512,1048.2449
avx512,ts,matmul,512,3.964279e-01,1,677.1357
avx512,qs,axpy,512,1.269551e-06,262144,806.5844
avx512,qs,matvec,512,9.581018e-04,256,547.2153
avx512,qs,matmul,512,7.606421e-01,1,352.9064
avx512,float,spmv,512,1.310308e-05,16384,545.2152
avx512,ds,spmv,512,6.940356e-05,4096,102.9342
avx512,ts,spmv,512,1.805791e-04,2048,39.5616
avx512,qs,spmv,512,4.095174e-04,512,17.4449
avx512,float,axpy,1024,4.305326e-08,8388608,47568.9853
avx512,float,matvec,1024,1.107207e-04,2048,18940.9122
avx512,float,matmul,1024,3.414147e+00,1,628.9956
avx512,ds,axpy,1024,1.749844e-07,2097152,11703.9009
avx512,ds,matvec,1024,5.209432e-04,512,4025.6827
avx512,ds,matmul,1024,3.720841e+00,1,577.1500
avx512,ts,axpy,1024,1.128587e-06,262144,1814.6593
avx512,ts,matvec,1024,1.656014e-03,128,1266.3851
avx512,ts,matmul,1024,9.438396e+00,1,227.5263
avx512,qs,axpy,1024,2.520432e-06,131072,812.5592
avx512,qs,matvec,1024,3.066251e-03,128,683.9466
avx512,qs,matmul,1024,1.552484e+01,1,138.3257
avx512,float,spmv,1024,2.622243e-05,8192,545.7922
avx512,ds,spmv,1024,1.388086e-04,2048,103.1060
avx512,ts,spmv,1024,3.610752e-04,1024,39.6372
avx512,qs,spmv,1024,8.207699e-04,256,17.4373
avx512,float,axpy,2048,1.441559e-07,2097152,28413.6761
avx512,float,matvec,2048,4.457971e-04,512,18817.0983
avx512,float,matmul,2048,2.529825e+01,1,679.0932
avx512,ds,axpy,2048,3.866403e-07,524288,10593.8260
avx512,ds,matvec,2048,1.943797e-03,128,4315.5785
avx512,ds,matmul,2048,6.102988e+01,1,281.4993
avx512,ts,axpy,2048,2.273759e-06,131072,1801.4226
avx512,ts,matvec,2048,6.006580e-03,64,1396.5698
avx512,ts,matmul,2048,9.211182e+01,1,186.5110
avx512,qs,axpy,2048,5.042282e-06,65536,812.3306
avx512,qs,matvec,2048,1.090387e-02,32,769.3237
avx512,qs,matmul,2048,1.499385e+02,1,114.5794
avx512,float,spmv,2048,5.242362e-05,4096,546.4712
avx512,ds,spmv,2048,2.774696e-04,1024,103.2473
avx512,ts,spmv,2048,7.220642e-04,512,39.6751
avx512,qs,spmv,2048,1.638273e-03,128,17.4867
