backend,type,op,N,seconds,iters,mflops
serial,cd,axpy,128,1.165323e-07,2097152,2196.8157
serial,cd,matvec,128,1.798682e-05,16384,1821.7782
serial,cd,matmul,128,2.329828e-03,128,1800.2632
serial,cd,spmv,128,6.096554e-05,4096,29.0000
serial,cdd,axpy,128,1.895920e-06,131072,135.0268
serial,cdd,matvec,128,2.643713e-04,1024,123.9469
serial,cdd,matmul,128,3.185987e-02,8,131.6485
serial,cdd,spmv,128,1.885586e-04,2048,9.3764
serial,ctd,axpy,128,7.936098e-06,32768,32.2577
serial,ctd,matvec,128,8.874061e-04,256,36.9256
serial,ctd,matmul,128,9.032702e-02,4,46.4347
serial,ctd,spmv,128,3.479649e-04,1024,5.0810
serial,cqd,axpy,128,1.642072e-05,16384,15.5901
serial,cqd,matvec,128,1.744954e-03,128,18.7787
serial,cqd,matmul,128,1.859645e-01,2,22.5543
serial,cqd,spmv,128,5.177190e-04,512,3.4150
serial,cd,axpy,256,2.381564e-07,1048576,2149.8476
serial,cd,matvec,256,7.372344e-05,4096,1777.8878
serial,cd,matmul,256,2.341437e-02,16,1433.0698
serial,cd,spmv,256,1.227612e-04,2048,28.9994
serial,cdd,axpy,256,3.623885e-06,65536,141.2848
serial,cdd,matvec,256,1.266098e-03,256,103.5244
serial,cdd,matmul,256,2.611830e-01,1,128.4710
serial,cdd,spmv,256,3.791328e-04,1024,9.3898
serial,ctd,axpy,256,1.557873e-05,16384,32.8653
serial,ctd,matvec,256,3.626391e-03,64,36.1439
serial,ctd,matmul,256,7.553639e-01,1,44.4215
serial,ctd,spmv,256,6.960174e-04,512,5.1148
serial,cqd,axpy,256,3.235595e-05,8192,15.8240
serial,cqd,matvec,256,7.059313e-03,32,18.5672
serial,cqd,matmul,256,1.653309e+00,1,20.2953
serial,cqd,spmv,256,1.038954e-03,256,3.4265
serial,cd,axpy,512,4.687940e-07,524288,2184.3281
serial,cd,matvec,512,3.086310e-04,1024,1698.7536
serial,cd,matmul,512,3.266521e-01,1,821.7780
serial,cd,spmv,512,2.457178e-04,1024,29.0740
serial,cdd,axpy,512,7.195347e-06,32768,142.3142
serial,cdd,matvec,512,5.171031e-03,64,101.3895
serial,cdd,matmul,512,2.586583e+00,1,103.7800
serial,cdd,spmv,512,7.583788e-04,512,9.4201
serial,ctd,axpy,512,3.070055e-05,8192,33.3544
serial,ctd,matvec,512,1.451144e-02,16,36.1293
serial,ctd,matmul,512,8.456428e+00,1,31.7434
serial,ctd,spmv,512,1.397297e-03,256,5.1127
serial,cqd,axpy,512,6.458594e-05,4096,15.8548
serial,cqd,matvec,512,2.834111e-02,8,18.4992
serial,cqd,matmul,512,1.570665e+01,1,17.0906
serial,cqd,spmv,512,2.083890e-03,128,3.4282
serial,cd,axpy,1024,9.329306e-07,262144,2195.2330
serial,cd,matvec,1024,1.170445e-03,256,1791.7558
serial,cd,matmul,1024,3.415180e+00,1,628.8054
serial,cd,spmv,1024,4.953225e-04,512,28.8943
serial,cdd,axpy,1024,1.464636e-05,16384,139.8300
serial,cdd,matvec,1024,2.221237e-02,16,94.4137
serial,cdd,matmul,1024,2.201932e+01,1,97.5272
serial,cdd,spmv,1024,1.524676e-03,256,9.3869
serial,ctd,axpy,1024,6.084552e-05,4096,33.6590
serial,ctd,matvec,1024,6.029350e-02,4,34.7824
serial,ctd,matmul,1024,7.851438e+01,1,27.3515
serial,ctd,spmv,1024,2.797922e-03,128,5.1152
serial,cqd,axpy,1024,1.283393e-04,2048,15.9577
serial,cqd,matvec,1024,1.159024e-01,2,18.0941
serial,cqd,matmul,1024,1.675825e+02,1,12.8145
serial,cqd,spmv,1024,4.171263e-03,64,3.4311
avx2,cd,axpy,128,9.106253e-08,4194304,2811.2550
avx2,cd,matvec,128,1.683319e-05,16384,1946.6305
avx2,cd,matmul,128,2.154812e-03,128,1946.4824
avx2,cd,spmv,128,3.223779e-05,8192,54.8425
avx2,cdd,axpy,128,7.810868e-07,262144,327.7485
avx2,cdd,matvec,128,5.853293e-05,4096,559.8217
avx2,cdd,matmul,128,9.728596e-03,32,431.1315
avx2,cdd,spmv,128,5.284476e-05,4096,33.4565
avx2,ctd,axpy,128,2.197785e-06,131072,116.4809
avx2,ctd,matvec,128,2.768487e-04,1024,118.3607
avx2,ctd,matmul,128,3.106725e-02,8,135.0072
avx2,ctd,spmv,128,1.094482e-04,2048,16.1538
avx2,cqd,axpy,128,4.366288e-06,65536,58.6310
avx2,cqd,matvec,128,5.396972e-04,512,60.7155
avx2,cqd,matmul,128,6.636345e-02,4,63.2020
avx2,cqd,spmv,128,1.619526e-04,2048,10.9168
avx2,cd,axpy,256,1.890984e-07,2097152,2707.5852
avx2,cd,matvec,256,6.902445e-05,4096,1898.9214
avx2,cd,matmul,256,2.650139e-02,8,1266.1387
avx2,cd,spmv,256,6.495777e-05,4096,54.8048
avx2,cdd,axpy,256,1.817070e-06,131072,281.7722
avx2,cdd,matvec,256,4.962366e-04,512,264.1321
avx2,cdd,matmul,256,1.437085e-01,2,233.4896
avx2,cdd,spmv,256,1.062881e-04,2048,33.4939
avx2,ctd,axpy,256,4.246034e-06,65536,120.5831
avx2,ctd,matvec,256,1.179215e-03,256,111.1519
avx2,ctd,matmul,256,3.623891e-01,1,92.5923
avx2,ctd,spmv,256,2.198059e-04,1024,16.1961
avx2,cqd,axpy,256,8.337556e-06,32768,61.4089
avx2,cqd,matvec,256,2.205985e-03,128,59.4166
avx2,cqd,matmul,256,6.913650e-01,1,48.5336
avx2,cqd,spmv,256,3.253075e-04,1024,10.9435
avx2,cd,axpy,512,5.583097e-07,524288,1834.1075
avx2,cd,matvec,512,2.807390e-04,1024,1867.5279
avx2,cd,matmul,512,3.422170e-01,1,784.4014
avx2,cd,spmv,512,1.305956e-04,2048,54.7032
avx2,cdd,axpy,512,3.480469e-06,65536,294.2132
avx2,cdd,matvec,512,2.166906e-03,128,241.9523
avx2,cdd,matmul,512,1.804842e+00,1,148.7307
avx2,cdd,spmv,512,2.133332e-04,1024,33.4875
avx2,ctd,axpy,512,7.548857e-06,32768,135.6497
avx2,ctd,matvec,512,4.742451e-03,64,110.5521
avx2,ctd,matmul,512,3.526185e+00,1,76.1263
avx2,ctd,spmv,512,4.406115e-04,512,16.2138
avx2,cqd,axpy,512,1.569299e-05,16384,65.2521
avx2,cqd,matvec,512,8.826531e-03,32,59.3991
avx2,cqd,matmul,512,6.632247e+00,1,40.4743
avx2,cqd,spmv,512,6.518555e-04,512,10.9595
avx2,cd,axpy,1024,6.936302e-07,524288,2952.5818
avx2,cd,matvec,1024,1.086055e-03,256,1930.9809
avx2,cd,matmul,1024,3.109817e+00,1,690.5498
avx2,cd,spmv,1024,2.615070e-04,1024,54.7289
avx2,cdd,axpy,1024,6.804083e-06,32768,300.9958
avx2,cdd,matvec,1024,1.014556e-02,32,206.7064
avx2,cdd,matmul,1024,1.655635e+01,1,129.7075
avx2,cdd,spmv,1024,4.262659e-04,512,33.5753
avx2,ctd,axpy,1024,2.188831e-05,16384,93.5659
avx2,ctd,matvec,1024,2.093038e-02,16,100.1966
avx2,ctd,matmul,1024,3.714448e+01,1,57.8143
avx2,ctd,spmv,1024,8.820780e-04,256,16.2253
avx2,cqd,axpy,1024,3.058373e-05,8192,66.9637
avx2,cqd,matvec,1024,3.767163e-02,8,55.6693
avx2,cqd,matmul,1024,8.257045e+01,1,26.0079
avx2,cqd,spmv,1024,1.312356e-03,256,10.9056
avx512,cd,axpy,128,8.538132e-08,4194304,2998.3140
avx512,cd,matvec,128,1.698529e-05,16384,1929.1991
avx512,cd,matmul,128,2.158804e-03,128,1942.8833
avx512,cd,spmv,128,5.258521e-05,4096,33.6216
avx512,cdd,axpy,128,6.242503e-07,524288,410.0919
avx512,cdd,matvec,128,5.612843e-05,4096,583.8040
avx512,cdd,matmul,128,1.089869e-02,32,384.8449
avx512,cdd,spmv,128,4.583751e-05,8192,38.5710
avx512,ctd,axpy,128,1.582130e-06,131072,161.8072
avx512,ctd,matvec,128,2.635752e-04,1024,124.3212
avx512,ctd,matmul,128,2.887550e-02,8,145.2548
avx512,ctd,spmv,128,1.216455e-04,2048,14.5340
avx512,cqd,axpy,128,2.998437e-06,131072,85.3778
avx512,cqd,matvec,128,4.327381e-04,512,75.7225
avx512,cqd,matmul,128,4.750302e-02,8,88.2955
avx512,cqd,spmv,128,1.634160e-04,2048,10.8190
avx512,cd,axpy,256,1.750254e-07,2097152,2925.2891
avx512,cd,matvec,256,6.766722e-05,4096,1937.0088
avx512,cd,matmul,256,1.856531e-02,16,1807.3724
avx512,cd,spmv,256,1.061744e-04,2048,33.5297
avx512,cdd,axpy,256,1.025730e-06,262144,499.1567
avx512,cdd,matvec,256,4.855837e-04,512,269.9267
avx512,cdd,matmul,256,7.889122e-02,4,425.3253
avx512,cdd,spmv,256,9.140209e-05,4096,38.9488
avx512,ctd,axpy,256,2.827310e-06,131072,181.0909
avx512,ctd,matvec,256,1.097481e-03,256,119.4299
avx512,ctd,matmul,256,2.156360e-01,1,155.6068
avx512,ctd,spmv,256,2.434943e-04,1024,14.6205
avx512,cqd,axpy,256,5.454360e-06,65536,93.8699
avx512,cqd,matvec,256,1.710843e-03,128,76.6125
avx512,cqd,matmul,256,4.614310e-01,1,72.7182
avx512,cqd,spmv,256,3.269326e-04,1024,10.8891
avx512,cd,axpy,512,3.438588e-07,1048576,2977.9665
avx512,cd,matvec,512,2.818203e-04,1024,1860.3627
avx512,cd,matmul,512,2.968318e-01,1,904.3351
avx512,cd,spmv,512,2.141611e-04,1024,33.3581
avx512,cdd,axpy,512,2.225524e-06,131072,460.1163
avx512,cdd,matvec,512,2.057539e-03,128,254.8131
avx512,cdd,matmul,512,1.930169e+00,1,139.0735
avx512,cdd,spmv,512,1.823837e-04,2048,39.1702
avx512,ctd,axpy,512,5.181580e-06,65536,197.6231
avx512,ctd,matvec,512,4.301343e-03,64,121.8894
avx512,ctd,matmul,512,3.348248e+00,1,80.1719
avx512,ctd,spmv,512,4.882421e-04,512,14.6321
avx512,cqd,axpy,512,1.017554e-05,32768,100.6335
avx512,cqd,matvec,512,6.708436e-03,32,78.1535
avx512,cqd,matmul,512,5.657222e+00,1,47.4500
avx512,cqd,spmv,512,6.541661e-04,512,10.9208
avx512,cd,axpy,1024,6.781138e-07,524288,3020.1421
avx512,cd,matvec,1024,1.089340e-03,256,1925.1582
avx512,cd,matmul,1024,3.122667e+00,1,687.7082
avx512,cd,spmv,1024,4.301467e-04,512,33.2724
avx512,cdd,axpy,1024,4.838697e-06,65536,423.2544
avx512,cdd,matvec,1024,9.821936e-03,32,213.5172
avx512,cdd,matmul,1024,1.666027e+01,1,128.8985
avx512,cdd,spmv,1024,3.665176e-04,1024,39.0486
avx512,ctd,axpy,1024,1.730419e-05,16384,118.3528
avx512,ctd,matvec,1024,1.954381e-02,16,107.3052
avx512,ctd,matmul,1024,3.519192e+01,1,61.0221
avx512,ctd,spmv,1024,9.750156e-04,256,14.6787
avx512,cqd,axpy,1024,1.933728e-05,16384,105.9094
avx512,cqd,matvec,1024,3.002402e-02,8,69.8491
avx512,cqd,matmul,1024,6.722535e+01,1,31.9446
avx512,cqd,spmv,1024,1.311309e-03,256,10.9143
