prec,backend,fma,family,dim,maxrelerr
dd,serial,nofma,hilbert,2,3.697785e-32
dd,serial,nofma,hilbert,4,5.598678e-30
dd,serial,nofma,hilbert,6,1.545878e-26
dd,serial,nofma,hilbert,8,2.642945e-23
dd,serial,nofma,hilbert,10,2.185328e-20
dd,serial,nofma,hilbert,12,7.045275e-18
dd,serial,nofma,hilbert,14,1.730615e-14
dd,serial,nofma,hilbert,16,5.450009e-11
dd,serial,nofma,hilbert,18,8.635303e-09
dd,serial,nofma,hilbert,20,3.564106e-05
dd,serial,nofma,hilbert,22,2.743500e-02
dd,serial,nofma,hilbert,24,8.196078e+01
dd,serial,nofma,hilbert,26,3.070232e+01
dd,serial,nofma,hilbert,28,1.634281e+02
dd,serial,nofma,hilbert,30,1.140766e+02
dd,serial,nofma,hilbert,32,5.106251e+01
dd,serial,nofma,hilbert,34,4.646971e+01
dd,serial,nofma,hilbert,36,4.099916e+01
dd,serial,nofma,hilbert,38,5.865255e+01
dd,serial,nofma,hilbert,40,6.300407e+02
dd,serial,fma,hilbert,2,3.697785e-32
dd,serial,fma,hilbert,4,4.108009e-30
dd,serial,fma,hilbert,6,5.646014e-27
dd,serial,fma,hilbert,8,9.837358e-23
dd,serial,fma,hilbert,10,3.513415e-20
dd,serial,fma,hilbert,12,2.814215e-17
dd,serial,fma,hilbert,14,1.435593e-14
dd,serial,fma,hilbert,16,5.042614e-11
dd,serial,fma,hilbert,18,2.215433e-08
dd,serial,fma,hilbert,20,2.921032e-05
dd,serial,fma,hilbert,22,3.464410e-02
dd,serial,fma,hilbert,24,2.863176e+01
dd,serial,fma,hilbert,26,2.235880e+01
dd,serial,fma,hilbert,28,1.062454e+04
dd,serial,fma,hilbert,30,1.536004e+02
dd,serial,fma,hilbert,32,8.925437e+01
dd,serial,fma,hilbert,34,1.744132e+03
dd,serial,fma,hilbert,36,1.756277e+02
dd,serial,fma,hilbert,38,2.201756e+02
dd,serial,fma,hilbert,40,1.573231e+03
dd,neon,nofma,hilbert,2,3.697785e-32
dd,neon,nofma,hilbert,4,8.840018e-30
dd,neon,nofma,hilbert,6,1.292995e-26
dd,neon,nofma,hilbert,8,1.310710e-23
dd,neon,nofma,hilbert,10,2.352872e-20
dd,neon,nofma,hilbert,12,3.245762e-17
dd,neon,nofma,hilbert,14,3.485457e-14
dd,neon,nofma,hilbert,16,5.939805e-11
dd,neon,nofma,hilbert,18,8.528991e-09
dd,neon,nofma,hilbert,20,4.571754e-05
dd,neon,nofma,hilbert,22,7.192173e-03
dd,neon,nofma,hilbert,24,9.608363e+00
dd,neon,nofma,hilbert,26,9.623579e+00
dd,neon,nofma,hilbert,28,7.337221e+01
dd,neon,nofma,hilbert,30,3.884379e+02
dd,neon,nofma,hilbert,32,1.086009e+02
dd,neon,nofma,hilbert,34,8.469631e+01
dd,neon,nofma,hilbert,36,7.226165e+01
dd,neon,nofma,hilbert,38,4.216948e+02
dd,neon,nofma,hilbert,40,6.450639e+01
dd,neon,fma,hilbert,2,3.697785e-32
dd,neon,fma,hilbert,4,2.177071e-29
dd,neon,fma,hilbert,6,4.871143e-26
dd,neon,fma,hilbert,8,4.574648e-23
dd,neon,fma,hilbert,10,8.047551e-21
dd,neon,fma,hilbert,12,2.732342e-17
dd,neon,fma,hilbert,14,6.744451e-15
dd,neon,fma,hilbert,16,3.038011e-11
dd,neon,fma,hilbert,18,3.074457e-09
dd,neon,fma,hilbert,20,7.000139e-05
dd,neon,fma,hilbert,22,1.013170e-02
dd,neon,fma,hilbert,24,1.836697e+01
dd,neon,fma,hilbert,26,4.129072e+01
dd,neon,fma,hilbert,28,8.609478e+02
dd,neon,fma,hilbert,30,8.894934e+01
dd,neon,fma,hilbert,32,2.707327e+01
dd,neon,fma,hilbert,34,8.821965e+02
dd,neon,fma,hilbert,36,1.631582e+02
dd,neon,fma,hilbert,38,9.479090e+01
dd,neon,fma,hilbert,40,4.243023e+02
dd,sve2,nofma,hilbert,2,3.697785e-32
dd,sve2,nofma,hilbert,4,5.598678e-30
dd,sve2,nofma,hilbert,6,8.370080e-27
dd,sve2,nofma,hilbert,8,8.565907e-24
dd,sve2,nofma,hilbert,10,2.029336e-20
dd,sve2,nofma,hilbert,12,1.405225e-17
dd,sve2,nofma,hilbert,14,1.643293e-14
dd,sve2,nofma,hilbert,16,4.486428e-11
dd,sve2,nofma,hilbert,18,7.314243e-09
dd,sve2,nofma,hilbert,20,2.767448e-05
dd,sve2,nofma,hilbert,22,1.469666e-02
dd,sve2,nofma,hilbert,24,1.380029e+02
dd,sve2,nofma,hilbert,26,5.955663e+01
dd,sve2,nofma,hilbert,28,2.135528e+02
dd,sve2,nofma,hilbert,30,8.787468e+01
dd,sve2,nofma,hilbert,32,1.501369e+02
dd,sve2,nofma,hilbert,34,4.253579e+01
dd,sve2,nofma,hilbert,36,3.273678e+01
dd,sve2,nofma,hilbert,38,3.501028e+01
dd,sve2,nofma,hilbert,40,5.806041e+01
dd,sve2,fma,hilbert,2,3.697785e-32
dd,sve2,fma,hilbert,4,2.177071e-29
dd,sve2,fma,hilbert,6,4.871143e-26
dd,sve2,fma,hilbert,8,4.574648e-23
dd,sve2,fma,hilbert,10,8.047551e-21
dd,sve2,fma,hilbert,12,2.732342e-17
dd,sve2,fma,hilbert,14,6.744451e-15
dd,sve2,fma,hilbert,16,3.038011e-11
dd,sve2,fma,hilbert,18,3.074457e-09
dd,sve2,fma,hilbert,20,7.000139e-05
dd,sve2,fma,hilbert,22,1.013170e-02
dd,sve2,fma,hilbert,24,1.836697e+01
dd,sve2,fma,hilbert,26,4.129072e+01
dd,sve2,fma,hilbert,28,8.609478e+02
dd,sve2,fma,hilbert,30,8.894934e+01
dd,sve2,fma,hilbert,32,2.707327e+01
dd,sve2,fma,hilbert,34,8.821965e+02
dd,sve2,fma,hilbert,36,1.631582e+02
dd,sve2,fma,hilbert,38,9.479090e+01
dd,sve2,fma,hilbert,40,4.243023e+02
td,serial,nofma,hilbert,2,2.052683e-48
td,serial,nofma,hilbert,4,7.529927e-46
td,serial,nofma,hilbert,6,5.982937e-42
td,serial,nofma,hilbert,8,2.502539e-40
td,serial,nofma,hilbert,10,3.467190e-36
td,serial,nofma,hilbert,12,8.594263e-34
td,serial,nofma,hilbert,14,1.945791e-31
td,serial,nofma,hilbert,16,2.505415e-27
td,serial,nofma,hilbert,18,3.576306e-25
td,serial,nofma,hilbert,20,1.188336e-21
td,serial,nofma,hilbert,22,1.719206e-18
td,serial,nofma,hilbert,24,7.517756e-16
td,serial,nofma,hilbert,26,3.140102e-12
td,serial,nofma,hilbert,28,3.065840e-11
td,serial,nofma,hilbert,30,3.346850e-06
td,serial,nofma,hilbert,32,8.148194e-04
td,serial,nofma,hilbert,34,4.395628e+00
td,serial,nofma,hilbert,36,4.305128e+01
td,serial,nofma,hilbert,38,3.621265e+02
td,serial,nofma,hilbert,40,4.189726e+01
td,serial,fma,hilbert,2,2.052683e-48
td,serial,fma,hilbert,4,3.099552e-45
td,serial,fma,hilbert,6,5.800125e-42
td,serial,fma,hilbert,8,1.073095e-39
td,serial,fma,hilbert,10,8.766693e-36
td,serial,fma,hilbert,12,1.944656e-33
td,serial,fma,hilbert,14,2.212597e-30
td,serial,fma,hilbert,16,4.429546e-27
td,serial,fma,hilbert,18,2.669430e-24
td,serial,fma,hilbert,20,4.239916e-22
td,serial,fma,hilbert,22,5.572377e-19
td,serial,fma,hilbert,24,1.962307e-15
td,serial,fma,hilbert,26,4.154849e-12
td,serial,fma,hilbert,28,2.876207e-09
td,serial,fma,hilbert,30,9.938311e-06
td,serial,fma,hilbert,32,7.446932e-03
td,serial,fma,hilbert,34,1.854343e+01
td,serial,fma,hilbert,36,1.799956e+02
td,serial,fma,hilbert,38,4.329911e+01
td,serial,fma,hilbert,40,1.516303e+02
td,neon,nofma,hilbert,2,2.052683e-48
td,neon,nofma,hilbert,4,7.529927e-46
td,neon,nofma,hilbert,6,5.991769e-42
td,neon,nofma,hilbert,8,1.070724e-40
td,neon,nofma,hilbert,10,3.606360e-36
td,neon,nofma,hilbert,12,6.509784e-34
td,neon,nofma,hilbert,14,3.708337e-31
td,neon,nofma,hilbert,16,2.405697e-27
td,neon,nofma,hilbert,18,4.473939e-25
td,neon,nofma,hilbert,20,1.009573e-21
td,neon,nofma,hilbert,22,1.447423e-18
td,neon,nofma,hilbert,24,1.721192e-15
td,neon,nofma,hilbert,26,4.048211e-12
td,neon,nofma,hilbert,28,3.379614e-10
td,neon,nofma,hilbert,30,3.799387e-06
td,neon,nofma,hilbert,32,3.073714e-04
td,neon,nofma,hilbert,34,4.089224e+00
td,neon,nofma,hilbert,36,1.922303e+01
td,neon,nofma,hilbert,38,1.594807e+01
td,neon,nofma,hilbert,40,2.198005e+01
td,neon,fma,hilbert,2,2.052683e-48
td,neon,fma,hilbert,4,8.210733e-46
td,neon,fma,hilbert,6,5.833652e-42
td,neon,fma,hilbert,8,1.059632e-39
td,neon,fma,hilbert,10,4.003557e-36
td,neon,fma,hilbert,12,6.049248e-34
td,neon,fma,hilbert,14,2.607548e-30
td,neon,fma,hilbert,16,3.864492e-27
td,neon,fma,hilbert,18,1.774196e-24
td,neon,fma,hilbert,20,7.771840e-22
td,neon,fma,hilbert,22,6.072364e-18
td,neon,fma,hilbert,24,7.505634e-15
td,neon,fma,hilbert,26,7.432155e-12
td,neon,fma,hilbert,28,3.416175e-10
td,neon,fma,hilbert,30,5.529078e-06
td,neon,fma,hilbert,32,7.118118e-03
td,neon,fma,hilbert,34,1.717866e+00
td,neon,fma,hilbert,36,1.189726e+02
td,neon,fma,hilbert,38,3.799195e+01
td,neon,fma,hilbert,40,6.158163e+01
td,sve2,nofma,hilbert,2,2.052683e-48
td,sve2,nofma,hilbert,4,7.529927e-46
td,sve2,nofma,hilbert,6,5.991769e-42
td,sve2,nofma,hilbert,8,1.070724e-40
td,sve2,nofma,hilbert,10,3.606360e-36
td,sve2,nofma,hilbert,12,6.509784e-34
td,sve2,nofma,hilbert,14,3.708337e-31
td,sve2,nofma,hilbert,16,2.405697e-27
td,sve2,nofma,hilbert,18,4.473939e-25
td,sve2,nofma,hilbert,20,1.009573e-21
td,sve2,nofma,hilbert,22,1.447423e-18
td,sve2,nofma,hilbert,24,1.721192e-15
td,sve2,nofma,hilbert,26,4.048211e-12
td,sve2,nofma,hilbert,28,3.379614e-10
td,sve2,nofma,hilbert,30,3.799387e-06
td,sve2,nofma,hilbert,32,3.073714e-04
td,sve2,nofma,hilbert,34,4.089224e+00
td,sve2,nofma,hilbert,36,1.922303e+01
td,sve2,nofma,hilbert,38,1.594807e+01
td,sve2,nofma,hilbert,40,2.198005e+01
td,sve2,fma,hilbert,2,2.052683e-48
td,sve2,fma,hilbert,4,8.210733e-46
td,sve2,fma,hilbert,6,5.833652e-42
td,sve2,fma,hilbert,8,1.059632e-39
td,sve2,fma,hilbert,10,4.003557e-36
td,sve2,fma,hilbert,12,6.049248e-34
td,sve2,fma,hilbert,14,2.607548e-30
td,sve2,fma,hilbert,16,3.864492e-27
td,sve2,fma,hilbert,18,1.774196e-24
td,sve2,fma,hilbert,20,7.771840e-22
td,sve2,fma,hilbert,22,6.072364e-18
td,sve2,fma,hilbert,24,7.505634e-15
td,sve2,fma,hilbert,26,7.432155e-12
td,sve2,fma,hilbert,28,3.416175e-10
td,sve2,fma,hilbert,30,5.529078e-06
td,sve2,fma,hilbert,32,7.118118e-03
td,sve2,fma,hilbert,34,1.717866e+00
td,sve2,fma,hilbert,36,1.189726e+02
td,sve2,fma,hilbert,38,3.799195e+01
td,sve2,fma,hilbert,40,6.158163e+01
qd,serial,nofma,hilbert,2,1.139468e-64
qd,serial,nofma,hilbert,4,7.820935e-62
qd,serial,nofma,hilbert,6,2.634360e-58
qd,serial,nofma,hilbert,8,2.567292e-55
qd,serial,nofma,hilbert,10,2.124464e-52
qd,serial,nofma,hilbert,12,2.338112e-49
qd,serial,nofma,hilbert,14,1.669302e-46
qd,serial,nofma,hilbert,16,1.882758e-43
qd,serial,nofma,hilbert,18,6.016553e-41
qd,serial,nofma,hilbert,20,1.280774e-37
qd,serial,nofma,hilbert,22,1.575758e-35
qd,serial,nofma,hilbert,24,2.882790e-31
qd,serial,nofma,hilbert,26,7.986948e-29
qd,serial,nofma,hilbert,28,1.335955e-25
qd,serial,nofma,hilbert,30,2.829362e-22
qd,serial,nofma,hilbert,32,6.391985e-20
qd,serial,nofma,hilbert,34,4.347133e-16
qd,serial,nofma,hilbert,36,4.079620e-13
qd,serial,nofma,hilbert,38,3.477653e-10
qd,serial,nofma,hilbert,40,5.515033e-07
qd,serial,fma,hilbert,2,1.139468e-64
qd,serial,fma,hilbert,4,1.147035e-62
qd,serial,fma,hilbert,6,4.868753e-58
qd,serial,fma,hilbert,8,8.013281e-56
qd,serial,fma,hilbert,10,3.584515e-52
qd,serial,fma,hilbert,12,9.479996e-50
qd,serial,fma,hilbert,14,2.752811e-46
qd,serial,fma,hilbert,16,5.322960e-43
qd,serial,fma,hilbert,18,3.375113e-40
qd,serial,fma,hilbert,20,3.229889e-37
qd,serial,fma,hilbert,22,1.599843e-34
qd,serial,fma,hilbert,24,1.757804e-32
qd,serial,fma,hilbert,26,1.236623e-28
qd,serial,fma,hilbert,28,3.299848e-25
qd,serial,fma,hilbert,30,5.426730e-22
qd,serial,fma,hilbert,32,5.920686e-19
qd,serial,fma,hilbert,34,2.119724e-16
qd,serial,fma,hilbert,36,8.050943e-13
qd,serial,fma,hilbert,38,5.561546e-10
qd,serial,fma,hilbert,40,1.941516e-06
qd,neon,nofma,hilbert,2,1.139468e-64
qd,neon,nofma,hilbert,4,8.424497e-62
qd,neon,nofma,hilbert,6,2.490095e-58
qd,neon,nofma,hilbert,8,2.566790e-55
qd,neon,nofma,hilbert,10,2.276581e-52
qd,neon,nofma,hilbert,12,2.563855e-49
qd,neon,nofma,hilbert,14,1.896653e-46
qd,neon,nofma,hilbert,16,1.648957e-43
qd,neon,nofma,hilbert,18,3.404520e-41
qd,neon,nofma,hilbert,20,1.193051e-37
qd,neon,nofma,hilbert,22,4.485959e-36
qd,neon,nofma,hilbert,24,3.307053e-31
qd,neon,nofma,hilbert,26,8.473976e-29
qd,neon,nofma,hilbert,28,1.380101e-25
qd,neon,nofma,hilbert,30,2.758097e-22
qd,neon,nofma,hilbert,32,3.581259e-20
qd,neon,nofma,hilbert,34,4.670248e-16
qd,neon,nofma,hilbert,36,3.991455e-13
qd,neon,nofma,hilbert,38,3.223884e-10
qd,neon,nofma,hilbert,40,6.045372e-07
qd,neon,fma,hilbert,2,1.139468e-64
qd,neon,fma,hilbert,4,9.507437e-62
qd,neon,fma,hilbert,6,4.021938e-58
qd,neon,fma,hilbert,8,7.993727e-56
qd,neon,fma,hilbert,10,9.404435e-53
qd,neon,fma,hilbert,12,2.366487e-49
qd,neon,fma,hilbert,14,2.079627e-46
qd,neon,fma,hilbert,16,2.823337e-43
qd,neon,fma,hilbert,18,2.949425e-40
qd,neon,fma,hilbert,20,8.344410e-38
qd,neon,fma,hilbert,22,5.804404e-34
qd,neon,fma,hilbert,24,9.779498e-32
qd,neon,fma,hilbert,26,1.230240e-28
qd,neon,fma,hilbert,28,3.321506e-25
qd,neon,fma,hilbert,30,5.923548e-22
qd,neon,fma,hilbert,32,5.257583e-19
qd,neon,fma,hilbert,34,9.082846e-16
qd,neon,fma,hilbert,36,3.965609e-13
qd,neon,fma,hilbert,38,5.013630e-10
qd,neon,fma,hilbert,40,1.248225e-06
qd,sve2,nofma,hilbert,2,1.139468e-64
qd,sve2,nofma,hilbert,4,8.424497e-62
qd,sve2,nofma,hilbert,6,2.490095e-58
qd,sve2,nofma,hilbert,8,2.566790e-55
qd,sve2,nofma,hilbert,10,2.276581e-52
qd,sve2,nofma,hilbert,12,2.563855e-49
qd,sve2,nofma,hilbert,14,1.896653e-46
qd,sve2,nofma,hilbert,16,1.648957e-43
qd,sve2,nofma,hilbert,18,3.404520e-41
qd,sve2,nofma,hilbert,20,1.193051e-37
qd,sve2,nofma,hilbert,22,4.485959e-36
qd,sve2,nofma,hilbert,24,3.307053e-31
qd,sve2,nofma,hilbert,26,8.473976e-29
qd,sve2,nofma,hilbert,28,1.380101e-25
qd,sve2,nofma,hilbert,30,2.758097e-22
qd,sve2,nofma,hilbert,32,3.581259e-20
qd,sve2,nofma,hilbert,34,4.670248e-16
qd,sve2,nofma,hilbert,36,3.991455e-13
qd,sve2,nofma,hilbert,38,3.223884e-10
qd,sve2,nofma,hilbert,40,6.045372e-07
qd,sve2,fma,hilbert,2,1.139468e-64
qd,sve2,fma,hilbert,4,9.507437e-62
qd,sve2,fma,hilbert,6,4.021938e-58
qd,sve2,fma,hilbert,8,7.993727e-56
qd,sve2,fma,hilbert,10,9.404435e-53
qd,sve2,fma,hilbert,12,2.366487e-49
qd,sve2,fma,hilbert,14,2.079627e-46
qd,sve2,fma,hilbert,16,2.823337e-43
qd,sve2,fma,hilbert,18,2.949425e-40
qd,sve2,fma,hilbert,20,8.344410e-38
qd,sve2,fma,hilbert,22,5.804404e-34
qd,sve2,fma,hilbert,24,9.779498e-32
qd,sve2,fma,hilbert,26,1.230240e-28
qd,sve2,fma,hilbert,28,3.321506e-25
qd,sve2,fma,hilbert,30,5.923548e-22
qd,sve2,fma,hilbert,32,5.257583e-19
qd,sve2,fma,hilbert,34,9.082846e-16
qd,sve2,fma,hilbert,36,3.965609e-13
qd,sve2,fma,hilbert,38,5.013630e-10
qd,sve2,fma,hilbert,40,1.248225e-06
ds,serial,nofma,hilbert,2,1.065814e-14
ds,serial,nofma,hilbert,4,9.212631e-12
ds,serial,nofma,hilbert,6,1.058825e-08
ds,serial,nofma,hilbert,8,3.865681e-06
ds,serial,nofma,hilbert,10,6.980569e-04
ds,serial,nofma,hilbert,12,3.270544e+01
ds,serial,nofma,hilbert,14,7.005169e+00
ds,serial,nofma,hilbert,16,4.516716e+00
ds,serial,nofma,hilbert,18,2.919892e+01
ds,serial,nofma,hilbert,20,1.192818e+01
ds,serial,nofma,hilbert,22,1.606746e+01
ds,serial,nofma,hilbert,24,3.403378e+01
ds,serial,nofma,hilbert,26,2.653144e+01
ds,serial,nofma,hilbert,28,3.597425e+01
ds,serial,nofma,hilbert,30,5.298401e+01
ds,serial,nofma,hilbert,32,3.539846e+02
ds,serial,nofma,hilbert,34,9.586493e+01
ds,serial,nofma,hilbert,36,1.065661e+02
ds,serial,nofma,hilbert,38,4.855717e+01
ds,serial,nofma,hilbert,40,6.168159e+02
ds,serial,fma,hilbert,2,1.065814e-14
ds,serial,fma,hilbert,4,1.237010e-11
ds,serial,fma,hilbert,6,4.632685e-09
ds,serial,fma,hilbert,8,2.747057e-06
ds,serial,fma,hilbert,10,1.655029e-02
ds,serial,fma,hilbert,12,1.858430e+02
ds,serial,fma,hilbert,14,1.839475e+01
ds,serial,fma,hilbert,16,3.659111e+01
ds,serial,fma,hilbert,18,2.114938e+01
ds,serial,fma,hilbert,20,2.256673e+01
ds,serial,fma,hilbert,22,5.944115e+01
ds,serial,fma,hilbert,24,2.702724e+02
ds,serial,fma,hilbert,26,3.709495e+04
ds,serial,fma,hilbert,28,8.058987e+02
ds,serial,fma,hilbert,30,1.944427e+02
ds,serial,fma,hilbert,32,1.961162e+02
ds,serial,fma,hilbert,34,4.082381e+02
ds,serial,fma,hilbert,36,2.581029e+02
ds,serial,fma,hilbert,38,3.671181e+02
ds,serial,fma,hilbert,40,1.218276e+03
ds,neon,nofma,hilbert,2,1.065814e-14
ds,neon,nofma,hilbert,4,9.212631e-12
ds,neon,nofma,hilbert,6,1.058825e-08
ds,neon,nofma,hilbert,8,3.865681e-06
ds,neon,nofma,hilbert,10,6.980569e-04
ds,neon,nofma,hilbert,12,3.270544e+01
ds,neon,nofma,hilbert,14,7.005169e+00
ds,neon,nofma,hilbert,16,4.516716e+00
ds,neon,nofma,hilbert,18,2.919892e+01
ds,neon,nofma,hilbert,20,1.192818e+01
ds,neon,nofma,hilbert,22,1.606746e+01
ds,neon,nofma,hilbert,24,3.403378e+01
ds,neon,nofma,hilbert,26,2.653144e+01
ds,neon,nofma,hilbert,28,3.597425e+01
ds,neon,nofma,hilbert,30,5.298401e+01
ds,neon,nofma,hilbert,32,3.539846e+02
ds,neon,nofma,hilbert,34,9.586493e+01
ds,neon,nofma,hilbert,36,1.065661e+02
ds,neon,nofma,hilbert,38,4.855717e+01
ds,neon,nofma,hilbert,40,6.168159e+02
ds,neon,fma,hilbert,2,1.065814e-14
ds,neon,fma,hilbert,4,1.237010e-11
ds,neon,fma,hilbert,6,4.545644e-09
ds,neon,fma,hilbert,8,2.747057e-06
ds,neon,fma,hilbert,10,1.059495e-02
ds,neon,fma,hilbert,12,1.954609e+02
ds,neon,fma,hilbert,14,1.011178e+01
ds,neon,fma,hilbert,16,1.511969e+01
ds,neon,fma,hilbert,18,3.798457e+01
ds,neon,fma,hilbert,20,6.331392e+01
ds,neon,fma,hilbert,22,5.066032e+01
ds,neon,fma,hilbert,24,1.151253e+02
ds,neon,fma,hilbert,26,1.426857e+04
ds,neon,fma,hilbert,28,1.188558e+03
ds,neon,fma,hilbert,30,8.283717e+01
ds,neon,fma,hilbert,32,4.017919e+02
ds,neon,fma,hilbert,34,4.586490e+01
ds,neon,fma,hilbert,36,6.303979e+01
ds,neon,fma,hilbert,38,2.478119e+02
ds,neon,fma,hilbert,40,9.215075e+01
ds,sve2,nofma,hilbert,2,1.065814e-14
ds,sve2,nofma,hilbert,4,9.212631e-12
ds,sve2,nofma,hilbert,6,1.058825e-08
ds,sve2,nofma,hilbert,8,3.865681e-06
ds,sve2,nofma,hilbert,10,6.980569e-04
ds,sve2,nofma,hilbert,12,3.270544e+01
ds,sve2,nofma,hilbert,14,7.005169e+00
ds,sve2,nofma,hilbert,16,4.516716e+00
ds,sve2,nofma,hilbert,18,2.919892e+01
ds,sve2,nofma,hilbert,20,1.192818e+01
ds,sve2,nofma,hilbert,22,1.606746e+01
ds,sve2,nofma,hilbert,24,3.403378e+01
ds,sve2,nofma,hilbert,26,2.653144e+01
ds,sve2,nofma,hilbert,28,3.597425e+01
ds,sve2,nofma,hilbert,30,5.298401e+01
ds,sve2,nofma,hilbert,32,3.539846e+02
ds,sve2,nofma,hilbert,34,9.586493e+01
ds,sve2,nofma,hilbert,36,1.065661e+02
ds,sve2,nofma,hilbert,38,4.855717e+01
ds,sve2,nofma,hilbert,40,6.168159e+02
ds,sve2,fma,hilbert,2,1.065814e-14
ds,sve2,fma,hilbert,4,1.237010e-11
ds,sve2,fma,hilbert,6,4.545644e-09
ds,sve2,fma,hilbert,8,2.747057e-06
ds,sve2,fma,hilbert,10,1.059495e-02
ds,sve2,fma,hilbert,12,1.954609e+02
ds,sve2,fma,hilbert,14,1.011178e+01
ds,sve2,fma,hilbert,16,1.511969e+01
ds,sve2,fma,hilbert,18,3.798457e+01
ds,sve2,fma,hilbert,20,6.331392e+01
ds,sve2,fma,hilbert,22,5.066032e+01
ds,sve2,fma,hilbert,24,1.151253e+02
ds,sve2,fma,hilbert,26,1.426857e+04
ds,sve2,fma,hilbert,28,1.188558e+03
ds,sve2,fma,hilbert,30,8.283717e+01
ds,sve2,fma,hilbert,32,4.017919e+02
ds,sve2,fma,hilbert,34,4.586490e+01
ds,sve2,fma,hilbert,36,6.303979e+01
ds,sve2,fma,hilbert,38,2.478119e+02
ds,sve2,fma,hilbert,40,9.215075e+01
ts,serial,nofma,hilbert,2,3.176373e-22
ts,serial,nofma,hilbert,4,8.076989e-19
ts,serial,nofma,hilbert,6,3.661074e-16
ts,serial,nofma,hilbert,8,3.235201e-13
ts,serial,nofma,hilbert,10,7.047266e-11
ts,serial,nofma,hilbert,12,2.393502e-07
ts,serial,nofma,hilbert,14,7.130123e-05
ts,serial,nofma,hilbert,16,1.749742e-01
ts,serial,nofma,hilbert,18,2.043616e+01
ts,serial,nofma,hilbert,20,2.243249e+01
ts,serial,nofma,hilbert,22,3.994887e+01
ts,serial,nofma,hilbert,24,1.501395e+01
ts,serial,nofma,hilbert,26,3.277267e+01
ts,serial,nofma,hilbert,28,1.705838e+01
ts,serial,nofma,hilbert,30,7.571526e+01
ts,serial,nofma,hilbert,32,2.817976e+01
ts,serial,nofma,hilbert,34,1.674920e+02
ts,serial,nofma,hilbert,36,5.041116e+01
ts,serial,nofma,hilbert,38,2.856604e+02
ts,serial,nofma,hilbert,40,9.429566e+01
ts,serial,fma,hilbert,2,3.176373e-22
ts,serial,fma,hilbert,4,1.822974e-19
ts,serial,fma,hilbert,6,2.691366e-16
ts,serial,fma,hilbert,8,1.039341e-12
ts,serial,fma,hilbert,10,4.747602e-10
ts,serial,fma,hilbert,12,5.946376e-07
ts,serial,fma,hilbert,14,6.210783e-05
ts,serial,fma,hilbert,16,6.234157e-01
ts,serial,fma,hilbert,18,2.153496e+01
ts,serial,fma,hilbert,20,9.568099e+01
ts,serial,fma,hilbert,22,6.188245e+01
ts,serial,fma,hilbert,24,4.516711e+01
ts,serial,fma,hilbert,26,2.573034e+02
ts,serial,fma,hilbert,28,9.651122e+02
ts,serial,fma,hilbert,30,2.726328e+02
ts,serial,fma,hilbert,32,1.356226e+03
ts,serial,fma,hilbert,34,1.027652e+02
ts,serial,fma,hilbert,36,6.757978e+01
ts,serial,fma,hilbert,38,2.619357e+02
ts,serial,fma,hilbert,40,1.435276e+02
ts,neon,nofma,hilbert,2,3.176373e-22
ts,neon,nofma,hilbert,4,8.076989e-19
ts,neon,nofma,hilbert,6,3.661074e-16
ts,neon,nofma,hilbert,8,3.235201e-13
ts,neon,nofma,hilbert,10,7.047266e-11
ts,neon,nofma,hilbert,12,2.393502e-07
ts,neon,nofma,hilbert,14,7.130123e-05
ts,neon,nofma,hilbert,16,1.749742e-01
ts,neon,nofma,hilbert,18,2.043616e+01
ts,neon,nofma,hilbert,20,2.243249e+01
ts,neon,nofma,hilbert,22,3.994887e+01
ts,neon,nofma,hilbert,24,1.501395e+01
ts,neon,nofma,hilbert,26,3.277267e+01
ts,neon,nofma,hilbert,28,1.705838e+01
ts,neon,nofma,hilbert,30,7.571526e+01
ts,neon,nofma,hilbert,32,2.817976e+01
ts,neon,nofma,hilbert,34,1.674920e+02
ts,neon,nofma,hilbert,36,5.041116e+01
ts,neon,nofma,hilbert,38,2.856604e+02
ts,neon,nofma,hilbert,40,9.429566e+01
ts,neon,fma,hilbert,2,3.176373e-22
ts,neon,fma,hilbert,4,1.822974e-19
ts,neon,fma,hilbert,6,3.177646e-16
ts,neon,fma,hilbert,8,1.393651e-13
ts,neon,fma,hilbert,10,2.413488e-10
ts,neon,fma,hilbert,12,1.169265e-07
ts,neon,fma,hilbert,14,1.425843e-04
ts,neon,fma,hilbert,16,5.124341e-01
ts,neon,fma,hilbert,18,1.078982e+01
ts,neon,fma,hilbert,20,2.616289e+01
ts,neon,fma,hilbert,22,1.326725e+02
ts,neon,fma,hilbert,24,4.822066e+01
ts,neon,fma,hilbert,26,1.377452e+02
ts,neon,fma,hilbert,28,3.582820e+02
ts,neon,fma,hilbert,30,2.484622e+02
ts,neon,fma,hilbert,32,2.960108e+02
ts,neon,fma,hilbert,34,8.531436e+01
ts,neon,fma,hilbert,36,4.547502e+01
ts,neon,fma,hilbert,38,3.602758e+01
ts,neon,fma,hilbert,40,1.387624e+02
ts,sve2,nofma,hilbert,2,3.176373e-22
ts,sve2,nofma,hilbert,4,8.076989e-19
ts,sve2,nofma,hilbert,6,3.661074e-16
ts,sve2,nofma,hilbert,8,3.235201e-13
ts,sve2,nofma,hilbert,10,7.047266e-11
ts,sve2,nofma,hilbert,12,2.393502e-07
ts,sve2,nofma,hilbert,14,7.130123e-05
ts,sve2,nofma,hilbert,16,1.749742e-01
ts,sve2,nofma,hilbert,18,2.043616e+01
ts,sve2,nofma,hilbert,20,2.243249e+01
ts,sve2,nofma,hilbert,22,3.994887e+01
ts,sve2,nofma,hilbert,24,1.501395e+01
ts,sve2,nofma,hilbert,26,3.277267e+01
ts,sve2,nofma,hilbert,28,1.705838e+01
ts,sve2,nofma,hilbert,30,7.571526e+01
ts,sve2,nofma,hilbert,32,2.817976e+01
ts,sve2,nofma,hilbert,34,1.674920e+02
ts,sve2,nofma,hilbert,36,5.041116e+01
ts,sve2,nofma,hilbert,38,2.856604e+02
ts,sve2,nofma,hilbert,40,9.429566e+01
ts,sve2,fma,hilbert,2,3.176373e-22
ts,sve2,fma,hilbert,4,1.822974e-19
ts,sve2,fma,hilbert,6,3.177646e-16
ts,sve2,fma,hilbert,8,1.393651e-13
ts,sve2,fma,hilbert,10,2.413488e-10
ts,sve2,fma,hilbert,12,1.169265e-07
ts,sve2,fma,hilbert,14,1.425843e-04
ts,sve2,fma,hilbert,16,5.124341e-01
ts,sve2,fma,hilbert,18,1.078982e+01
ts,sve2,fma,hilbert,20,2.616289e+01
ts,sve2,fma,hilbert,22,1.326725e+02
ts,sve2,fma,hilbert,24,4.822066e+01
ts,sve2,fma,hilbert,26,1.377452e+02
ts,sve2,fma,hilbert,28,3.582820e+02
ts,sve2,fma,hilbert,30,2.484622e+02
ts,sve2,fma,hilbert,32,2.960108e+02
ts,sve2,fma,hilbert,34,8.531436e+01
ts,sve2,fma,hilbert,36,4.547502e+01
ts,sve2,fma,hilbert,38,3.602758e+01
ts,sve2,fma,hilbert,40,1.387624e+02
qs,serial,nofma,hilbert,2,9.466331e-30
qs,serial,nofma,hilbert,4,4.930997e-27
qs,serial,nofma,hilbert,6,9.144596e-25
qs,serial,nofma,hilbert,8,1.568144e-21
qs,serial,nofma,hilbert,10,4.883773e-19
qs,serial,nofma,hilbert,12,5.649852e-16
qs,serial,nofma,hilbert,14,7.248502e-13
qs,serial,nofma,hilbert,16,2.485926e-09
qs,serial,nofma,hilbert,18,4.039709e-07
qs,serial,nofma,hilbert,20,2.707818e-03
qs,serial,nofma,hilbert,22,6.704167e+00
qs,serial,nofma,hilbert,24,7.028102e+00
qs,serial,nofma,hilbert,26,3.223462e+01
qs,serial,nofma,hilbert,28,9.938426e+00
qs,serial,nofma,hilbert,30,1.512705e+01
qs,serial,nofma,hilbert,32,8.311895e+01
qs,serial,nofma,hilbert,34,2.842433e+02
qs,serial,nofma,hilbert,36,8.699568e+01
qs,serial,nofma,hilbert,38,5.571286e+01
qs,serial,nofma,hilbert,40,1.676425e+02
qs,serial,fma,hilbert,2,9.466331e-30
qs,serial,fma,hilbert,4,3.867588e-26
qs,serial,fma,hilbert,6,1.573495e-23
qs,serial,fma,hilbert,8,1.705437e-20
qs,serial,fma,hilbert,10,1.480878e-17
qs,serial,fma,hilbert,12,1.273410e-14
qs,serial,fma,hilbert,14,2.542326e-11
qs,serial,fma,hilbert,16,1.274905e-08
qs,serial,fma,hilbert,18,1.160210e-05
qs,serial,fma,hilbert,20,6.384888e-03
qs,serial,fma,hilbert,22,3.929386e+00
qs,serial,fma,hilbert,24,1.539902e+02
qs,serial,fma,hilbert,26,2.721837e+03
qs,serial,fma,hilbert,28,5.885891e+01
qs,serial,fma,hilbert,30,1.384487e+03
qs,serial,fma,hilbert,32,1.457811e+02
qs,serial,fma,hilbert,34,2.453697e+02
qs,serial,fma,hilbert,36,1.843587e+02
qs,serial,fma,hilbert,38,2.049401e+02
qs,serial,fma,hilbert,40,3.599127e+02
qs,neon,nofma,hilbert,2,9.466331e-30
qs,neon,nofma,hilbert,4,4.930997e-27
qs,neon,nofma,hilbert,6,9.144596e-25
qs,neon,nofma,hilbert,8,1.568144e-21
qs,neon,nofma,hilbert,10,4.883773e-19
qs,neon,nofma,hilbert,12,5.649852e-16
qs,neon,nofma,hilbert,14,7.248502e-13
qs,neon,nofma,hilbert,16,2.485926e-09
qs,neon,nofma,hilbert,18,4.039709e-07
qs,neon,nofma,hilbert,20,2.707818e-03
qs,neon,nofma,hilbert,22,6.704167e+00
qs,neon,nofma,hilbert,24,7.028102e+00
qs,neon,nofma,hilbert,26,3.223462e+01
qs,neon,nofma,hilbert,28,9.938426e+00
qs,neon,nofma,hilbert,30,1.512705e+01
qs,neon,nofma,hilbert,32,8.311895e+01
qs,neon,nofma,hilbert,34,2.842433e+02
qs,neon,nofma,hilbert,36,8.699568e+01
qs,neon,nofma,hilbert,38,5.571286e+01
qs,neon,nofma,hilbert,40,1.676425e+02
qs,neon,fma,hilbert,2,9.466331e-30
qs,neon,fma,hilbert,4,3.867588e-26
qs,neon,fma,hilbert,6,1.918484e-23
qs,neon,fma,hilbert,8,3.642472e-21
qs,neon,fma,hilbert,10,1.633349e-17
qs,neon,fma,hilbert,12,5.838301e-15
qs,neon,fma,hilbert,14,5.428982e-12
qs,neon,fma,hilbert,16,3.682419e-09
qs,neon,fma,hilbert,18,5.960962e-06
qs,neon,fma,hilbert,20,9.163805e-03
qs,neon,fma,hilbert,22,2.933349e-01
qs,neon,fma,hilbert,24,2.757893e+01
qs,neon,fma,hilbert,26,6.629893e+02
qs,neon,fma,hilbert,28,5.330247e+01
qs,neon,fma,hilbert,30,3.272035e+01
qs,neon,fma,hilbert,32,5.649638e+01
qs,neon,fma,hilbert,34,8.123250e+01
qs,neon,fma,hilbert,36,5.011795e+01
qs,neon,fma,hilbert,38,8.634504e+01
qs,neon,fma,hilbert,40,6.333219e+01
qs,sve2,nofma,hilbert,2,9.466331e-30
qs,sve2,nofma,hilbert,4,4.930997e-27
qs,sve2,nofma,hilbert,6,9.144596e-25
qs,sve2,nofma,hilbert,8,1.568144e-21
qs,sve2,nofma,hilbert,10,4.883773e-19
qs,sve2,nofma,hilbert,12,5.649852e-16
qs,sve2,nofma,hilbert,14,7.248502e-13
qs,sve2,nofma,hilbert,16,2.485926e-09
qs,sve2,nofma,hilbert,18,4.039709e-07
qs,sve2,nofma,hilbert,20,2.707818e-03
qs,sve2,nofma,hilbert,22,6.704167e+00
qs,sve2,nofma,hilbert,24,7.028102e+00
qs,sve2,nofma,hilbert,26,3.223462e+01
qs,sve2,nofma,hilbert,28,9.938426e+00
qs,sve2,nofma,hilbert,30,1.512705e+01
qs,sve2,nofma,hilbert,32,8.311895e+01
qs,sve2,nofma,hilbert,34,2.842433e+02
qs,sve2,nofma,hilbert,36,8.699568e+01
qs,sve2,nofma,hilbert,38,5.571286e+01
qs,sve2,nofma,hilbert,40,1.676425e+02
qs,sve2,fma,hilbert,2,9.466331e-30
qs,sve2,fma,hilbert,4,3.867588e-26
qs,sve2,fma,hilbert,6,1.918484e-23
qs,sve2,fma,hilbert,8,3.642472e-21
qs,sve2,fma,hilbert,10,1.633349e-17
qs,sve2,fma,hilbert,12,5.838301e-15
qs,sve2,fma,hilbert,14,5.428982e-12
qs,sve2,fma,hilbert,16,3.682419e-09
qs,sve2,fma,hilbert,18,5.960962e-06
qs,sve2,fma,hilbert,20,9.163805e-03
qs,sve2,fma,hilbert,22,2.933349e-01
qs,sve2,fma,hilbert,24,2.757893e+01
qs,sve2,fma,hilbert,26,6.629893e+02
qs,sve2,fma,hilbert,28,5.330247e+01
qs,sve2,fma,hilbert,30,3.272035e+01
qs,sve2,fma,hilbert,32,5.649638e+01
qs,sve2,fma,hilbert,34,8.123250e+01
qs,sve2,fma,hilbert,36,5.011795e+01
qs,sve2,fma,hilbert,38,8.634504e+01
qs,sve2,fma,hilbert,40,6.333219e+01
dd,serial,nofma,frank,2,0.000000e+00
dd,serial,nofma,frank,4,0.000000e+00
dd,serial,nofma,frank,6,9.429353e-31
dd,serial,nofma,frank,8,5.102944e-29
dd,serial,nofma,frank,10,1.804716e-26
dd,serial,nofma,frank,12,8.998642e-24
dd,serial,nofma,frank,14,8.898864e-22
dd,serial,nofma,frank,16,1.227317e-20
dd,serial,nofma,frank,18,5.107319e-17
dd,serial,nofma,frank,20,6.770289e-14
dd,serial,nofma,frank,22,1.831348e-11
dd,serial,nofma,frank,24,2.320372e-08
dd,serial,nofma,frank,26,6.468539e-06
dd,serial,nofma,frank,28,3.623830e-03
dd,serial,nofma,frank,30,3.613830e-01
dd,serial,nofma,frank,32,5.942344e+01
dd,serial,nofma,frank,34,3.135333e+01
dd,serial,nofma,frank,36,1.373303e+02
dd,serial,nofma,frank,38,5.334151e+02
dd,serial,nofma,frank,40,2.088553e+02
dd,serial,fma,frank,2,0.000000e+00
dd,serial,fma,frank,4,0.000000e+00
dd,serial,fma,frank,6,4.376329e-29
dd,serial,fma,frank,8,1.719470e-27
dd,serial,fma,frank,10,1.164091e-25
dd,serial,fma,frank,12,2.955617e-23
dd,serial,fma,frank,14,4.049509e-22
dd,serial,fma,frank,16,1.799568e-18
dd,serial,fma,frank,18,1.639245e-15
dd,serial,fma,frank,20,3.804748e-13
dd,serial,fma,frank,22,3.407236e-10
dd,serial,fma,frank,24,2.123655e-07
dd,serial,fma,frank,26,5.156777e-05
dd,serial,fma,frank,28,4.392817e-02
dd,serial,fma,frank,30,3.841861e+01
dd,serial,fma,frank,32,5.750135e+04
dd,serial,fma,frank,34,3.717843e+03
dd,serial,fma,frank,36,1.281018e+03
dd,serial,fma,frank,38,1.184670e+03
dd,serial,fma,frank,40,2.139981e+03
dd,neon,nofma,frank,2,0.000000e+00
dd,neon,nofma,frank,4,0.000000e+00
dd,neon,nofma,frank,6,9.429353e-31
dd,neon,nofma,frank,8,5.102944e-29
dd,neon,nofma,frank,10,1.804716e-26
dd,neon,nofma,frank,12,9.023785e-24
dd,neon,nofma,frank,14,8.873033e-22
dd,neon,nofma,frank,16,1.220926e-20
dd,neon,nofma,frank,18,5.073549e-17
dd,neon,nofma,frank,20,6.778266e-14
dd,neon,nofma,frank,22,1.799464e-11
dd,neon,nofma,frank,24,2.352512e-08
dd,neon,nofma,frank,26,6.468547e-06
dd,neon,nofma,frank,28,3.643795e-03
dd,neon,nofma,frank,30,3.630471e-01
dd,neon,nofma,frank,32,5.878416e+01
dd,neon,nofma,frank,34,3.150008e+01
dd,neon,nofma,frank,36,1.346108e+02
dd,neon,nofma,frank,38,5.358385e+02
dd,neon,nofma,frank,40,2.144891e+02
dd,neon,fma,frank,2,0.000000e+00
dd,neon,fma,frank,4,0.000000e+00
dd,neon,fma,frank,6,1.303469e-29
dd,neon,fma,frank,8,5.524492e-28
dd,neon,fma,frank,10,2.016597e-25
dd,neon,fma,frank,12,2.955617e-23
dd,neon,fma,frank,14,4.049509e-22
dd,neon,fma,frank,16,1.799568e-18
dd,neon,fma,frank,18,1.433139e-16
dd,neon,fma,frank,20,4.151976e-13
dd,neon,fma,frank,22,3.208254e-12
dd,neon,fma,frank,24,6.099619e-08
dd,neon,fma,frank,26,7.853135e-06
dd,neon,fma,frank,28,4.269023e-02
dd,neon,fma,frank,30,5.557151e+01
dd,neon,fma,frank,32,3.000000e+00
dd,neon,fma,frank,34,3.000000e+00
dd,neon,fma,frank,36,1.672858e+03
dd,neon,fma,frank,38,3.000000e+00
dd,neon,fma,frank,40,3.000000e+00
dd,sve2,nofma,frank,2,0.000000e+00
dd,sve2,nofma,frank,4,0.000000e+00
dd,sve2,nofma,frank,6,1.830404e-30
dd,sve2,nofma,frank,8,6.434147e-29
dd,sve2,nofma,frank,10,2.049324e-26
dd,sve2,nofma,frank,12,9.804106e-24
dd,sve2,nofma,frank,14,9.727068e-22
dd,sve2,nofma,frank,16,1.849046e-20
dd,sve2,nofma,frank,18,6.956887e-17
dd,sve2,nofma,frank,20,3.929409e-14
dd,sve2,nofma,frank,22,5.188663e-13
dd,sve2,nofma,frank,24,2.677812e-08
dd,sve2,nofma,frank,26,8.307445e-06
dd,sve2,nofma,frank,28,4.041376e-03
dd,sve2,nofma,frank,30,3.660970e-01
dd,sve2,nofma,frank,32,2.088134e+01
dd,sve2,nofma,frank,34,1.662405e+01
dd,sve2,nofma,frank,36,1.327152e+02
dd,sve2,nofma,frank,38,4.611020e+03
dd,sve2,nofma,frank,40,3.613145e+02
dd,sve2,fma,frank,2,0.000000e+00
dd,sve2,fma,frank,4,0.000000e+00
dd,sve2,fma,frank,6,1.303469e-29
dd,sve2,fma,frank,8,5.524492e-28
dd,sve2,fma,frank,10,2.016597e-25
dd,sve2,fma,frank,12,2.955617e-23
dd,sve2,fma,frank,14,4.049509e-22
dd,sve2,fma,frank,16,1.799568e-18
dd,sve2,fma,frank,18,1.433139e-16
dd,sve2,fma,frank,20,4.151976e-13
dd,sve2,fma,frank,22,3.208254e-12
dd,sve2,fma,frank,24,6.099619e-08
dd,sve2,fma,frank,26,7.853135e-06
dd,sve2,fma,frank,28,4.269023e-02
dd,sve2,fma,frank,30,5.557151e+01
dd,sve2,fma,frank,32,3.000000e+00
dd,sve2,fma,frank,34,3.000000e+00
dd,sve2,fma,frank,36,1.672858e+03
dd,sve2,fma,frank,38,3.000000e+00
dd,sve2,fma,frank,40,3.000000e+00
td,serial,nofma,frank,2,5.834077e-62
td,serial,nofma,frank,4,1.089028e-60
td,serial,nofma,frank,6,5.200131e-47
td,serial,nofma,frank,8,2.091684e-45
td,serial,nofma,frank,10,1.445153e-42
td,serial,nofma,frank,12,4.425042e-40
td,serial,nofma,frank,14,8.573316e-38
td,serial,nofma,frank,16,1.132038e-36
td,serial,nofma,frank,18,1.787869e-33
td,serial,nofma,frank,20,4.663756e-30
td,serial,nofma,frank,22,1.017033e-28
td,serial,nofma,frank,24,1.149192e-24
td,serial,nofma,frank,26,4.564672e-22
td,serial,nofma,frank,28,2.239349e-19
td,serial,nofma,frank,30,7.570137e-17
td,serial,nofma,frank,32,2.282292e-15
td,serial,nofma,frank,34,8.078714e-11
td,serial,nofma,frank,36,2.212429e-07
td,serial,nofma,frank,38,9.933131e-04
td,serial,nofma,frank,40,9.778800e-01
td,serial,fma,frank,2,5.834077e-62
td,serial,fma,frank,4,1.089028e-60
td,serial,fma,frank,6,2.429009e-45
td,serial,fma,frank,8,1.773724e-44
td,serial,fma,frank,10,1.410782e-41
td,serial,fma,frank,12,3.150381e-39
td,serial,fma,frank,14,4.849207e-37
td,serial,fma,frank,16,1.118997e-34
td,serial,fma,frank,18,2.188451e-32
td,serial,fma,frank,20,1.137375e-29
td,serial,fma,frank,22,1.478343e-26
td,serial,fma,frank,24,8.613916e-24
td,serial,fma,frank,26,3.303312e-21
td,serial,fma,frank,28,4.708261e-19
td,serial,fma,frank,30,6.223898e-16
td,serial,fma,frank,32,1.179849e-12
td,serial,fma,frank,34,4.542446e-09
td,serial,fma,frank,36,6.276111e-06
td,serial,fma,frank,38,3.912864e-03
td,serial,fma,frank,40,1.676374e+01
td,neon,nofma,frank,2,5.834077e-62
td,neon,nofma,frank,4,1.089028e-60
td,neon,nofma,frank,6,5.200131e-47
td,neon,nofma,frank,8,2.091684e-45
td,neon,nofma,frank,10,1.445153e-42
td,neon,nofma,frank,12,4.425042e-40
td,neon,nofma,frank,14,8.573316e-38
td,neon,nofma,frank,16,1.132038e-36
td,neon,nofma,frank,18,1.787869e-33
td,neon,nofma,frank,20,4.663756e-30
td,neon,nofma,frank,22,1.017033e-28
td,neon,nofma,frank,24,1.149192e-24
td,neon,nofma,frank,26,4.564672e-22
td,neon,nofma,frank,28,2.239349e-19
td,neon,nofma,frank,30,7.570137e-17
td,neon,nofma,frank,32,2.282292e-15
td,neon,nofma,frank,34,8.078714e-11
td,neon,nofma,frank,36,2.212429e-07
td,neon,nofma,frank,38,9.933131e-04
td,neon,nofma,frank,40,9.778800e-01
td,neon,fma,frank,2,5.834077e-62
td,neon,fma,frank,4,1.089028e-60
td,neon,fma,frank,6,7.239130e-46
td,neon,fma,frank,8,1.773724e-44
td,neon,fma,frank,10,1.410782e-41
td,neon,fma,frank,12,6.633926e-40
td,neon,fma,frank,14,1.024005e-37
td,neon,fma,frank,16,1.324259e-34
td,neon,fma,frank,18,1.109945e-32
td,neon,fma,frank,20,2.315778e-29
td,neon,fma,frank,22,1.909282e-27
td,neon,fma,frank,24,8.238043e-25
td,neon,fma,frank,26,4.369147e-21
td,neon,fma,frank,28,1.753342e-19
td,neon,fma,frank,30,2.625822e-15
td,neon,fma,frank,32,1.012040e-13
td,neon,fma,frank,34,3.372564e-09
td,neon,fma,frank,36,6.337233e-06
td,neon,fma,frank,38,1.374481e-03
td,neon,fma,frank,40,4.306182e+00
td,sve2,nofma,frank,2,5.834077e-62
td,sve2,nofma,frank,4,1.089028e-60
td,sve2,nofma,frank,6,5.200131e-47
td,sve2,nofma,frank,8,2.091684e-45
td,sve2,nofma,frank,10,1.445153e-42
td,sve2,nofma,frank,12,4.425042e-40
td,sve2,nofma,frank,14,8.573316e-38
td,sve2,nofma,frank,16,1.132038e-36
td,sve2,nofma,frank,18,1.787869e-33
td,sve2,nofma,frank,20,4.663756e-30
td,sve2,nofma,frank,22,1.017033e-28
td,sve2,nofma,frank,24,1.149192e-24
td,sve2,nofma,frank,26,4.564672e-22
td,sve2,nofma,frank,28,2.239349e-19
td,sve2,nofma,frank,30,7.570137e-17
td,sve2,nofma,frank,32,2.282292e-15
td,sve2,nofma,frank,34,8.078714e-11
td,sve2,nofma,frank,36,2.212429e-07
td,sve2,nofma,frank,38,9.933131e-04
td,sve2,nofma,frank,40,9.778800e-01
td,sve2,fma,frank,2,5.834077e-62
td,sve2,fma,frank,4,1.089028e-60
td,sve2,fma,frank,6,7.239130e-46
td,sve2,fma,frank,8,1.773724e-44
td,sve2,fma,frank,10,1.410782e-41
td,sve2,fma,frank,12,6.633926e-40
td,sve2,fma,frank,14,1.024005e-37
td,sve2,fma,frank,16,1.324259e-34
td,sve2,fma,frank,18,1.109945e-32
td,sve2,fma,frank,20,2.315778e-29
td,sve2,fma,frank,22,1.909282e-27
td,sve2,fma,frank,24,8.238043e-25
td,sve2,fma,frank,26,4.369147e-21
td,sve2,fma,frank,28,1.753342e-19
td,sve2,fma,frank,30,2.625822e-15
td,sve2,fma,frank,32,1.012040e-13
td,sve2,fma,frank,34,3.372564e-09
td,sve2,fma,frank,36,6.337233e-06
td,sve2,fma,frank,38,1.374481e-03
td,sve2,fma,frank,40,4.306182e+00
qd,serial,nofma,frank,2,0.000000e+00
qd,serial,nofma,frank,4,0.000000e+00
qd,serial,nofma,frank,6,2.905644e-63
qd,serial,nofma,frank,8,1.572466e-61
qd,serial,nofma,frank,10,8.614416e-59
qd,serial,nofma,frank,12,2.391830e-56
qd,serial,nofma,frank,14,3.987866e-54
qd,serial,nofma,frank,16,5.012163e-53
qd,serial,nofma,frank,18,9.912273e-50
qd,serial,nofma,frank,20,2.485589e-46
qd,serial,nofma,frank,22,3.585223e-45
qd,serial,nofma,frank,24,3.907877e-41
qd,serial,nofma,frank,26,2.362282e-38
qd,serial,nofma,frank,28,1.122625e-35
qd,serial,nofma,frank,30,6.863774e-34
qd,serial,nofma,frank,32,1.542030e-32
qd,serial,nofma,frank,34,6.697521e-28
qd,serial,nofma,frank,36,1.233482e-23
qd,serial,nofma,frank,38,5.013280e-20
qd,serial,nofma,frank,40,5.546593e-17
qd,serial,fma,frank,2,0.000000e+00
qd,serial,fma,frank,4,0.000000e+00
qd,serial,fma,frank,6,1.348561e-61
qd,serial,fma,frank,8,1.702365e-60
qd,serial,fma,frank,10,2.189331e-57
qd,serial,fma,frank,12,9.480764e-56
qd,serial,fma,frank,14,1.355151e-53
qd,serial,fma,frank,16,1.108824e-50
qd,serial,fma,frank,18,1.982232e-48
qd,serial,fma,frank,20,2.329721e-45
qd,serial,fma,frank,22,1.221723e-43
qd,serial,fma,frank,24,3.854103e-40
qd,serial,fma,frank,26,1.587465e-37
qd,serial,fma,frank,28,4.333698e-35
qd,serial,fma,frank,30,1.874348e-31
qd,serial,fma,frank,32,1.690994e-28
qd,serial,fma,frank,34,1.001130e-25
qd,serial,fma,frank,36,3.579855e-22
qd,serial,fma,frank,38,1.284189e-19
qd,serial,fma,frank,40,6.379239e-16
qd,neon,nofma,frank,2,0.000000e+00
qd,neon,nofma,frank,4,0.000000e+00
qd,neon,nofma,frank,6,2.905644e-63
qd,neon,nofma,frank,8,1.572466e-61
qd,neon,nofma,frank,10,8.614416e-59
qd,neon,nofma,frank,12,2.391830e-56
qd,neon,nofma,frank,14,3.987866e-54
qd,neon,nofma,frank,16,5.012163e-53
qd,neon,nofma,frank,18,9.912273e-50
qd,neon,nofma,frank,20,2.485577e-46
qd,neon,nofma,frank,22,3.585223e-45
qd,neon,nofma,frank,24,3.907877e-41
qd,neon,nofma,frank,26,2.362282e-38
qd,neon,nofma,frank,28,1.122625e-35
qd,neon,nofma,frank,30,6.863774e-34
qd,neon,nofma,frank,32,1.542030e-32
qd,neon,nofma,frank,34,6.697547e-28
qd,neon,nofma,frank,36,1.233482e-23
qd,neon,nofma,frank,38,5.013280e-20
qd,neon,nofma,frank,40,5.546593e-17
qd,neon,fma,frank,2,0.000000e+00
qd,neon,fma,frank,4,0.000000e+00
qd,neon,fma,frank,6,4.734490e-62
qd,neon,fma,frank,8,1.702365e-60
qd,neon,fma,frank,10,2.290812e-58
qd,neon,fma,frank,12,9.480764e-56
qd,neon,fma,frank,14,1.325435e-54
qd,neon,fma,frank,16,2.474561e-51
qd,neon,fma,frank,18,1.982232e-48
qd,neon,fma,frank,20,2.090438e-46
qd,neon,fma,frank,22,1.704156e-44
qd,neon,fma,frank,24,1.975647e-40
qd,neon,fma,frank,26,2.689908e-37
qd,neon,fma,frank,28,9.510519e-35
qd,neon,fma,frank,30,4.166051e-32
qd,neon,fma,frank,32,3.494710e-29
qd,neon,fma,frank,34,2.827442e-25
qd,neon,fma,frank,36,3.908325e-22
qd,neon,fma,frank,38,5.206446e-20
qd,neon,fma,frank,40,9.189899e-16
qd,sve2,nofma,frank,2,0.000000e+00
qd,sve2,nofma,frank,4,0.000000e+00
qd,sve2,nofma,frank,6,2.905644e-63
qd,sve2,nofma,frank,8,1.572466e-61
qd,sve2,nofma,frank,10,8.614416e-59
qd,sve2,nofma,frank,12,2.391830e-56
qd,sve2,nofma,frank,14,3.987866e-54
qd,sve2,nofma,frank,16,5.012163e-53
qd,sve2,nofma,frank,18,9.912273e-50
qd,sve2,nofma,frank,20,2.485577e-46
qd,sve2,nofma,frank,22,3.585223e-45
qd,sve2,nofma,frank,24,3.907877e-41
qd,sve2,nofma,frank,26,2.362282e-38
qd,sve2,nofma,frank,28,1.122625e-35
qd,sve2,nofma,frank,30,6.863774e-34
qd,sve2,nofma,frank,32,1.542030e-32
qd,sve2,nofma,frank,34,6.697547e-28
qd,sve2,nofma,frank,36,1.233482e-23
qd,sve2,nofma,frank,38,5.013280e-20
qd,sve2,nofma,frank,40,5.546593e-17
qd,sve2,fma,frank,2,0.000000e+00
qd,sve2,fma,frank,4,0.000000e+00
qd,sve2,fma,frank,6,4.734490e-62
qd,sve2,fma,frank,8,1.702365e-60
qd,sve2,fma,frank,10,2.290812e-58
qd,sve2,fma,frank,12,9.480764e-56
qd,sve2,fma,frank,14,1.325435e-54
qd,sve2,fma,frank,16,2.474561e-51
qd,sve2,fma,frank,18,1.982232e-48
qd,sve2,fma,frank,20,2.090438e-46
qd,sve2,fma,frank,22,1.704156e-44
qd,sve2,fma,frank,24,1.975647e-40
qd,sve2,fma,frank,26,2.689908e-37
qd,sve2,fma,frank,28,9.510519e-35
qd,sve2,fma,frank,30,4.166051e-32
qd,sve2,fma,frank,32,3.494710e-29
qd,sve2,fma,frank,34,2.827442e-25
qd,sve2,fma,frank,36,3.908325e-22
qd,sve2,fma,frank,38,5.206446e-20
qd,sve2,fma,frank,40,9.189899e-16
ds,serial,nofma,frank,2,0.000000e+00
ds,serial,nofma,frank,4,0.000000e+00
ds,serial,nofma,frank,6,2.398082e-13
ds,serial,nofma,frank,8,1.324940e-11
ds,serial,nofma,frank,10,1.942134e-08
ds,serial,nofma,frank,12,2.239049e-06
ds,serial,nofma,frank,14,2.279848e-04
ds,serial,nofma,frank,16,1.403617e-02
ds,serial,nofma,frank,18,3.742954e+01
ds,serial,nofma,frank,20,2.337388e+02
ds,serial,nofma,frank,22,1.622004e+02
ds,serial,nofma,frank,24,3.025361e+02
ds,serial,nofma,frank,26,9.695160e+01
ds,serial,nofma,frank,28,6.710623e+01
ds,serial,nofma,frank,30,6.487567e+01
ds,serial,nofma,frank,32,5.011406e+02
ds,serial,nofma,frank,34,1.426407e+02
ds,serial,nofma,frank,36,1.365527e+02
ds,serial,nofma,frank,38,1.133230e+04
ds,serial,nofma,frank,40,6.773251e+02
ds,serial,fma,frank,2,0.000000e+00
ds,serial,fma,frank,4,0.000000e+00
ds,serial,fma,frank,6,9.896084e-12
ds,serial,fma,frank,8,6.392287e-10
ds,serial,fma,frank,10,5.073276e-08
ds,serial,fma,frank,12,1.809182e-05
ds,serial,fma,frank,14,3.162580e-03
ds,serial,fma,frank,16,1.045733e-01
ds,serial,fma,frank,18,2.029848e+02
ds,serial,fma,frank,20,1.160724e+03
ds,serial,fma,frank,22,2.487484e+02
ds,serial,fma,frank,24,1.482079e+03
ds,serial,fma,frank,26,3.815613e+02
ds,serial,fma,frank,28,9.141250e+02
ds,serial,fma,frank,30,9.567934e+02
ds,serial,fma,frank,32,1.930776e+04
ds,serial,fma,frank,34,3.206949e+02
ds,serial,fma,frank,36,1.506798e+03
ds,serial,fma,frank,38,1.720534e+04
ds,serial,fma,frank,40,2.197105e+03
ds,neon,nofma,frank,2,0.000000e+00
ds,neon,nofma,frank,4,0.000000e+00
ds,neon,nofma,frank,6,2.398082e-13
ds,neon,nofma,frank,8,1.324940e-11
ds,neon,nofma,frank,10,1.942134e-08
ds,neon,nofma,frank,12,2.239049e-06
ds,neon,nofma,frank,14,2.279848e-04
ds,neon,nofma,frank,16,1.403617e-02
ds,neon,nofma,frank,18,3.742954e+01
ds,neon,nofma,frank,20,2.337388e+02
ds,neon,nofma,frank,22,1.622004e+02
ds,neon,nofma,frank,24,3.025361e+02
ds,neon,nofma,frank,26,9.695160e+01
ds,neon,nofma,frank,28,6.710623e+01
ds,neon,nofma,frank,30,6.487567e+01
ds,neon,nofma,frank,32,5.011406e+02
ds,neon,nofma,frank,34,1.426407e+02
ds,neon,nofma,frank,36,1.365527e+02
ds,neon,nofma,frank,38,1.133230e+04
ds,neon,nofma,frank,40,6.773251e+02
ds,neon,fma,frank,2,0.000000e+00
ds,neon,fma,frank,4,0.000000e+00
ds,neon,fma,frank,6,9.896084e-12
ds,neon,fma,frank,8,6.392287e-10
ds,neon,fma,frank,10,5.073276e-08
ds,neon,fma,frank,12,8.190697e-06
ds,neon,fma,frank,14,2.191012e-03
ds,neon,fma,frank,16,2.576715e-01
ds,neon,fma,frank,18,2.883829e+02
ds,neon,fma,frank,20,1.215859e+01
ds,neon,fma,frank,22,1.047319e+03
ds,neon,fma,frank,24,1.244382e+03
ds,neon,fma,frank,26,6.591324e+02
ds,neon,fma,frank,28,1.164325e+03
ds,neon,fma,frank,30,5.263075e+02
ds,neon,fma,frank,32,9.160361e+00
ds,neon,fma,frank,34,3.000000e+00
ds,neon,fma,frank,36,4.031863e+02
ds,neon,fma,frank,38,3.000000e+00
ds,neon,fma,frank,40,3.430655e+03
ds,sve2,nofma,frank,2,0.000000e+00
ds,sve2,nofma,frank,4,0.000000e+00
ds,sve2,nofma,frank,6,2.398082e-13
ds,sve2,nofma,frank,8,1.324940e-11
ds,sve2,nofma,frank,10,1.942134e-08
ds,sve2,nofma,frank,12,2.239049e-06
ds,sve2,nofma,frank,14,2.279848e-04
ds,sve2,nofma,frank,16,1.403617e-02
ds,sve2,nofma,frank,18,3.742954e+01
ds,sve2,nofma,frank,20,2.337388e+02
ds,sve2,nofma,frank,22,1.622004e+02
ds,sve2,nofma,frank,24,3.025361e+02
ds,sve2,nofma,frank,26,9.695160e+01
ds,sve2,nofma,frank,28,6.710623e+01
ds,sve2,nofma,frank,30,6.487567e+01
ds,sve2,nofma,frank,32,5.011406e+02
ds,sve2,nofma,frank,34,1.426407e+02
ds,sve2,nofma,frank,36,1.365527e+02
ds,sve2,nofma,frank,38,1.133230e+04
ds,sve2,nofma,frank,40,6.773251e+02
ds,sve2,fma,frank,2,0.000000e+00
ds,sve2,fma,frank,4,0.000000e+00
ds,sve2,fma,frank,6,9.896084e-12
ds,sve2,fma,frank,8,6.392287e-10
ds,sve2,fma,frank,10,5.073276e-08
ds,sve2,fma,frank,12,8.190697e-06
ds,sve2,fma,frank,14,2.191012e-03
ds,sve2,fma,frank,16,2.576715e-01
ds,sve2,fma,frank,18,2.883829e+02
ds,sve2,fma,frank,20,1.215859e+01
ds,sve2,fma,frank,22,1.047319e+03
ds,sve2,fma,frank,24,1.244382e+03
ds,sve2,fma,frank,26,6.591324e+02
ds,sve2,fma,frank,28,1.164325e+03
ds,sve2,fma,frank,30,5.263075e+02
ds,sve2,fma,frank,32,9.160361e+00
ds,sve2,fma,frank,34,3.000000e+00
ds,sve2,fma,frank,36,4.031863e+02
ds,sve2,fma,frank,38,3.000000e+00
ds,sve2,fma,frank,40,3.430655e+03
ts,serial,nofma,frank,2,3.029226e-28
ts,serial,nofma,frank,4,5.654555e-27
ts,serial,nofma,frank,6,8.946786e-21
ts,serial,nofma,frank,8,3.967291e-19
ts,serial,nofma,frank,10,2.409860e-16
ts,serial,nofma,frank,12,5.121981e-14
ts,serial,nofma,frank,14,2.465616e-12
ts,serial,nofma,frank,16,2.038321e-10
ts,serial,nofma,frank,18,6.358061e-07
ts,serial,nofma,frank,20,1.771586e-04
ts,serial,nofma,frank,22,2.230006e-01
ts,serial,nofma,frank,24,6.087854e+02
ts,serial,nofma,frank,26,1.153333e+02
ts,serial,nofma,frank,28,2.747332e+00
ts,serial,nofma,frank,30,6.405049e+02
ts,serial,nofma,frank,32,5.355764e+00
ts,serial,nofma,frank,34,8.125312e+01
ts,serial,nofma,frank,36,4.030907e+01
ts,serial,nofma,frank,38,3.121317e+01
ts,serial,nofma,frank,40,2.962461e+02
ts,serial,fma,frank,2,3.029226e-28
ts,serial,fma,frank,4,5.654555e-27
ts,serial,fma,frank,6,3.764003e-19
ts,serial,fma,frank,8,8.385626e-19
ts,serial,fma,frank,10,5.307720e-18
ts,serial,fma,frank,12,4.928953e-13
ts,serial,fma,frank,14,3.642667e-11
ts,serial,fma,frank,16,6.502203e-09
ts,serial,fma,frank,18,4.906230e-06
ts,serial,fma,frank,20,1.193785e-03
ts,serial,fma,frank,22,5.508419e-01
ts,serial,fma,frank,24,8.510523e+00
ts,serial,fma,frank,26,1.072822e+03
ts,serial,fma,frank,28,2.586037e+02
ts,serial,fma,frank,30,3.521324e+02
ts,serial,fma,frank,32,3.153301e+03
ts,serial,fma,frank,34,2.314075e+02
ts,serial,fma,frank,36,5.986601e+02
ts,serial,fma,frank,38,2.589982e+02
ts,serial,fma,frank,40,3.982042e+02
ts,neon,nofma,frank,2,3.029226e-28
ts,neon,nofma,frank,4,5.654555e-27
ts,neon,nofma,frank,6,8.946786e-21
ts,neon,nofma,frank,8,3.967291e-19
ts,neon,nofma,frank,10,2.409860e-16
ts,neon,nofma,frank,12,5.121981e-14
ts,neon,nofma,frank,14,2.465616e-12
ts,neon,nofma,frank,16,2.038321e-10
ts,neon,nofma,frank,18,6.358061e-07
ts,neon,nofma,frank,20,1.771586e-04
ts,neon,nofma,frank,22,2.230006e-01
ts,neon,nofma,frank,24,6.087854e+02
ts,neon,nofma,frank,26,1.153333e+02
ts,neon,nofma,frank,28,2.747332e+00
ts,neon,nofma,frank,30,6.405049e+02
ts,neon,nofma,frank,32,5.355764e+00
ts,neon,nofma,frank,34,8.125312e+01
ts,neon,nofma,frank,36,4.030907e+01
ts,neon,nofma,frank,38,3.121317e+01
ts,neon,nofma,frank,40,2.962461e+02
ts,neon,fma,frank,2,3.029226e-28
ts,neon,fma,frank,4,5.654555e-27
ts,neon,fma,frank,6,1.324548e-19
ts,neon,fma,frank,8,8.385626e-19
ts,neon,fma,frank,10,3.468314e-16
ts,neon,fma,frank,12,9.725767e-14
ts,neon,fma,frank,14,3.388193e-12
ts,neon,fma,frank,16,7.771378e-09
ts,neon,fma,frank,18,9.389219e-07
ts,neon,fma,frank,20,2.466349e-04
ts,neon,fma,frank,22,6.700359e-01
ts,neon,fma,frank,24,3.341072e+02
ts,neon,fma,frank,26,2.405467e+03
ts,neon,fma,frank,28,1.280576e+02
ts,neon,fma,frank,30,6.494645e+02
ts,neon,fma,frank,32,2.814770e+03
ts,neon,fma,frank,34,4.272205e+02
ts,neon,fma,frank,36,4.095400e+02
ts,neon,fma,frank,38,3.852417e+02
ts,neon,fma,frank,40,1.895619e+02
ts,sve2,nofma,frank,2,3.029226e-28
ts,sve2,nofma,frank,4,5.654555e-27
ts,sve2,nofma,frank,6,8.946786e-21
ts,sve2,nofma,frank,8,3.967291e-19
ts,sve2,nofma,frank,10,2.409860e-16
ts,sve2,nofma,frank,12,5.121981e-14
ts,sve2,nofma,frank,14,2.465616e-12
ts,sve2,nofma,frank,16,2.038321e-10
ts,sve2,nofma,frank,18,6.358061e-07
ts,sve2,nofma,frank,20,1.771586e-04
ts,sve2,nofma,frank,22,2.230006e-01
ts,sve2,nofma,frank,24,6.087854e+02
ts,sve2,nofma,frank,26,1.153333e+02
ts,sve2,nofma,frank,28,2.747332e+00
ts,sve2,nofma,frank,30,6.405049e+02
ts,sve2,nofma,frank,32,5.355764e+00
ts,sve2,nofma,frank,34,8.125312e+01
ts,sve2,nofma,frank,36,4.030907e+01
ts,sve2,nofma,frank,38,3.121317e+01
ts,sve2,nofma,frank,40,2.962461e+02
ts,sve2,fma,frank,2,3.029226e-28
ts,sve2,fma,frank,4,5.654555e-27
ts,sve2,fma,frank,6,1.324548e-19
ts,sve2,fma,frank,8,8.385626e-19
ts,sve2,fma,frank,10,3.468314e-16
ts,sve2,fma,frank,12,9.725767e-14
ts,sve2,fma,frank,14,3.388193e-12
ts,sve2,fma,frank,16,7.771378e-09
ts,sve2,fma,frank,18,9.389219e-07
ts,sve2,fma,frank,20,2.466349e-04
ts,sve2,fma,frank,22,6.700359e-01
ts,sve2,fma,frank,24,3.341072e+02
ts,sve2,fma,frank,26,2.405467e+03
ts,sve2,fma,frank,28,1.280576e+02
ts,sve2,fma,frank,30,6.494645e+02
ts,sve2,fma,frank,32,2.814770e+03
ts,sve2,fma,frank,34,4.272205e+02
ts,sve2,fma,frank,36,4.095400e+02
ts,sve2,fma,frank,38,3.852417e+02
ts,sve2,fma,frank,40,1.895619e+02
qs,serial,nofma,frank,2,0.000000e+00
qs,serial,nofma,frank,4,0.000000e+00
qs,serial,nofma,frank,6,2.271919e-28
qs,serial,nofma,frank,8,2.209797e-27
qs,serial,nofma,frank,10,1.170219e-24
qs,serial,nofma,frank,12,7.559580e-22
qs,serial,nofma,frank,14,3.161671e-20
qs,serial,nofma,frank,16,1.873842e-19
qs,serial,nofma,frank,18,2.117929e-15
qs,serial,nofma,frank,20,4.868769e-13
qs,serial,nofma,frank,22,3.123799e-09
qs,serial,nofma,frank,24,2.258166e-06
qs,serial,nofma,frank,26,1.076865e-04
qs,serial,nofma,frank,28,1.410511e-01
qs,serial,nofma,frank,30,1.069154e+01
qs,serial,nofma,frank,32,1.001852e+02
qs,serial,nofma,frank,34,2.991246e+01
qs,serial,nofma,frank,36,3.836734e+01
qs,serial,nofma,frank,38,1.174865e+01
qs,serial,nofma,frank,40,1.744920e+02
qs,serial,fma,frank,2,0.000000e+00
qs,serial,fma,frank,4,0.000000e+00
qs,serial,fma,frank,6,6.361374e-27
qs,serial,fma,frank,8,7.798718e-25
qs,serial,fma,frank,10,1.888669e-23
qs,serial,fma,frank,12,8.605297e-21
qs,serial,fma,frank,14,1.459097e-18
qs,serial,fma,frank,16,1.187120e-15
qs,serial,fma,frank,18,8.485844e-14
qs,serial,fma,frank,20,8.718145e-11
qs,serial,fma,frank,22,2.354518e-08
qs,serial,fma,frank,24,1.713732e-06
qs,serial,fma,frank,26,2.001913e-02
qs,serial,fma,frank,28,1.642834e+00
qs,serial,fma,frank,30,8.022331e+03
qs,serial,fma,frank,32,6.928834e+03
qs,serial,fma,frank,34,9.069288e+01
qs,serial,fma,frank,36,6.225159e+02
qs,serial,fma,frank,38,5.546825e+02
qs,serial,fma,frank,40,9.168872e+03
qs,neon,nofma,frank,2,0.000000e+00
qs,neon,nofma,frank,4,0.000000e+00
qs,neon,nofma,frank,6,2.271919e-28
qs,neon,nofma,frank,8,2.209797e-27
qs,neon,nofma,frank,10,1.170219e-24
qs,neon,nofma,frank,12,7.559580e-22
qs,neon,nofma,frank,14,3.161671e-20
qs,neon,nofma,frank,16,1.873842e-19
qs,neon,nofma,frank,18,2.117929e-15
qs,neon,nofma,frank,20,4.868769e-13
qs,neon,nofma,frank,22,3.123799e-09
qs,neon,nofma,frank,24,2.258166e-06
qs,neon,nofma,frank,26,1.076865e-04
qs,neon,nofma,frank,28,1.410511e-01
qs,neon,nofma,frank,30,1.069154e+01
qs,neon,nofma,frank,32,1.001852e+02
qs,neon,nofma,frank,34,2.991246e+01
qs,neon,nofma,frank,36,3.836734e+01
qs,neon,nofma,frank,38,1.174865e+01
qs,neon,nofma,frank,40,1.744920e+02
qs,neon,fma,frank,2,0.000000e+00
qs,neon,fma,frank,4,0.000000e+00
qs,neon,fma,frank,6,6.361374e-27
qs,neon,fma,frank,8,7.798718e-25
qs,neon,fma,frank,10,2.029047e-24
qs,neon,fma,frank,12,1.886667e-22
qs,neon,fma,frank,14,1.178721e-18
qs,neon,fma,frank,16,2.413683e-16
qs,neon,fma,frank,18,8.350349e-16
qs,neon,fma,frank,20,1.498017e-11
qs,neon,fma,frank,22,1.736395e-08
qs,neon,fma,frank,24,1.440099e-05
qs,neon,fma,frank,26,1.605031e-02
qs,neon,fma,frank,28,1.940865e-01
qs,neon,fma,frank,30,1.932260e+03
qs,neon,fma,frank,32,9.304861e+03
qs,neon,fma,frank,34,1.152913e+02
qs,neon,fma,frank,36,2.615311e+01
qs,neon,fma,frank,38,9.771087e+01
qs,neon,fma,frank,40,7.592833e+03
qs,sve2,nofma,frank,2,0.000000e+00
qs,sve2,nofma,frank,4,0.000000e+00
qs,sve2,nofma,frank,6,2.271919e-28
qs,sve2,nofma,frank,8,2.209797e-27
qs,sve2,nofma,frank,10,1.170219e-24
qs,sve2,nofma,frank,12,7.559580e-22
qs,sve2,nofma,frank,14,3.161671e-20
qs,sve2,nofma,frank,16,1.873842e-19
qs,sve2,nofma,frank,18,2.117929e-15
qs,sve2,nofma,frank,20,4.868769e-13
qs,sve2,nofma,frank,22,3.123799e-09
qs,sve2,nofma,frank,24,2.258166e-06
qs,sve2,nofma,frank,26,1.076865e-04
qs,sve2,nofma,frank,28,1.410511e-01
qs,sve2,nofma,frank,30,1.069154e+01
qs,sve2,nofma,frank,32,1.001852e+02
qs,sve2,nofma,frank,34,2.991246e+01
qs,sve2,nofma,frank,36,3.836734e+01
qs,sve2,nofma,frank,38,1.174865e+01
qs,sve2,nofma,frank,40,1.744920e+02
qs,sve2,fma,frank,2,0.000000e+00
qs,sve2,fma,frank,4,0.000000e+00
qs,sve2,fma,frank,6,6.361374e-27
qs,sve2,fma,frank,8,7.798718e-25
qs,sve2,fma,frank,10,2.029047e-24
qs,sve2,fma,frank,12,1.886667e-22
qs,sve2,fma,frank,14,1.178721e-18
qs,sve2,fma,frank,16,2.413683e-16
qs,sve2,fma,frank,18,8.350349e-16
qs,sve2,fma,frank,20,1.498017e-11
qs,sve2,fma,frank,22,1.736395e-08
qs,sve2,fma,frank,24,1.440099e-05
qs,sve2,fma,frank,26,1.605031e-02
qs,sve2,fma,frank,28,1.940865e-01
qs,sve2,fma,frank,30,1.932260e+03
qs,sve2,fma,frank,32,9.304861e+03
qs,sve2,fma,frank,34,1.152913e+02
qs,sve2,fma,frank,36,2.615311e+01
qs,sve2,fma,frank,38,9.771087e+01
qs,sve2,fma,frank,40,7.592833e+03
